Ticker,VAP_BV,VAP_SALES,VAP_GRAHAM,VAP_EARNINGS,LTP
FSL.NS,76.9,129.67,74.43,92.83,110.65
REDINGTON.NS,142.44,1411.25,186.07,309.44,169.35
TV18BRDCST.NS,47.19,54.49,27.05,20.48,30.15
CAMS.NS,266.09,298.72,432.97,911.2,2162.7
EASEMYTRIP.NS,3.22,3.53,4.94,10.08,42.45
NBCC.NS,18.24,71.51,15.15,16.64,33.85
RBLBANK.NS,407.32,153.61,247.21,200.64,140.3
BALAMINES.NS,818.64,1259.02,1104.1,1944.48,2064.8
MANAPPURAM.NS,198.98,72.09,198.29,263.36,121.6
AMBER.NS,984.89,2698.99,606.94,495.84,1871.3
GRANULES.NS,187.83,268.18,220.25,329.28,280.7
BCG.NS,56.47,56.11,50.03,58.08,19.45
AEGISCHEM.NS,170.42,364.68,167.39,209.92,393.85
MASTEK.NS,724.04,1191.19,921.55,1498.72,1540.6
CDSL.NS,250.04,119.55,252.17,741.42,952.25
NETWORK18.NS,13.38,98.02,4.5,2.08,56.2
CYIENT.NS,495.42,697.57,563.49,775.36,944.05
DEEPAKFERT.NS,700.44,1313.32,903.13,1556.32,560.35
JSL.NS,196.3,441.67,265.99,465.92,294.45
CANFINHOME.NS,472.06,112.4,494.73,687.84,540.25
CARBORUNIV.NS,265.41,348.8,235.93,274.08,951.05
CUB.NS,174.27,47.92,161.52,195.52,127.8
MCX.NS,955.65,216.88,557.1,952.02,1505.15
VTL.NS,531.37,543.7,450.57,498.56,286.35
ZENSARTECH.NS,221.6,320.58,199.9,232.64,267.15
BRIGADE.NS,244.4,234.63,180.04,172.64,463.0
PVR.NS,420.39,496.3,NA,0.0,1548.45
BAJAJELEC.NS,285.64,685.46,255.9,291.84,1101.3
SOBHA.NS,467.52,474.29,82.42,18.72,436.35
CESC.NS,149.16,161.79,134.72,157.44,67.95
CREDITACC.NS,546.43,170.41,542.23,709.92,935.0
RAIN.NS,411.18,882.98,451.17,655.36,153.05
CHEMPLASTS.NS,208.19,542.16,235.27,348.48,375.9
ELGIEQUIP.NS,65.86,142.49,81.4,132.32,479.7
LATENTVIEW.NS,103.27,39.07,96.14,118.72,342.5
VIPIND.NS,85.2,210.93,112.8,191.52,576.55
TRIVENI.NS,260.44,368.76,457.54,1084.96,277.8
BIRLACORPN.NS,1384.66,1642.59,399.1,146.56,930.8
KEI.NS,465.39,1116.32,554.22,840.48,1652.15
MAHABANK.NS,43.69,14.53,40.43,49.6,25.0
APOLLOTYRE.NS,324.31,560.06,222.04,197.28,309.9
GRAPHITE.NS,460.25,252.58,269.69,207.52,276.15
IDFC.NS,107.13,0.99,93.27,105.76,80.35
SUNTECK.NS,376.05,48.98,104.75,38.08,298.75
EXIDEIND.NS,234.46,265.73,162.46,145.92,177.15
AETHER.NS,174.97,74.13,137.52,138.88,885.55
STLTECH.NS,91.55,267.02,41.35,24.64,156.65
ANURAS.NS,368.78,199.14,313.96,340.64,852.3
MGL.NS,703.7,890.35,752.52,1048.0,973.45
IDBI.NS,77.15,14.67,53.16,47.84,47.15
JUBLINGREA.NS,295.32,472.2,261.85,302.72,387.2
TANLA.NS,204.87,390.11,282.8,519.04,556.55
LXCHEM.NS,93.84,172.19,83.72,98.88,250.25
BSE.NS,588.2,136.45,279.84,395.28,438.7
POLYPLEX.NS,2106.17,3868.47,2056.48,2659.52,1263.7
INTELLECT.NS,248.31,236.6,245.23,312.48,406.95
PRAJIND.NS,92.29,278.26,112.29,177.76,330.2
GLENMARK.NS,623.93,689.61,479.66,482.24,436.75
ROUTE.NS,488.69,782.67,502.24,675.68,1335.75
MMTC.NS,16.19,52.85,46.16,174.56,29.95
JUSTDIAL.NS,748.98,138.81,337.13,194.72,586.7
CHAMBLFERT.NS,300.35,1007.44,318.35,441.92,268.65
GNFC.NS,1017.39,1065.51,1184.19,1800.96,525.65
LUXIND.NS,846.74,1132.37,796.32,966.72,1260.7
DELTACORP.NS,144.77,57.98,125.86,143.52,189.0
BALRAMCHIN.NS,247.15,336.69,194.55,200.0,374.85
INDIGOPNTS.NS,268.33,333.26,283.26,390.56,1042.0
IBULHSGFIN.NS,712.44,93.35,456.07,392.16,98.95
DCMSHRIRAM.NS,684.55,1135.54,743.61,1056.64,802.45
CAMPUS.NS,31.21,80.38,31.63,44.96,370.3
MEDPLUS.NS,231.19,571.8,87.35,44.96,712.85
KEC.NS,261.16,954.7,165.78,137.44,477.35
KPITTECH.NS,92.57,163.64,116.01,185.76,881.45
MRPL.NS,86.26,902.5,141.15,304.8,54.15
FINEORG.NS,795.29,1566.91,1374.09,3196.8,4502.25
METROBRAND.NS,95.65,108.52,125.53,208.8,780.6
ANGELONE.NS,425.48,522.96,722.23,1637.28,1181.9
QUESS.NS,316.88,1712.18,305.99,390.24,353.85
WELSPUNIND.NS,65.32,125.41,32.63,20.96,66.05
BSOFT.NS,152.18,257.69,151.41,195.2,268.0
NLCINDIA.NS,204.72,156.58,122.41,97.28,76.2
MAPMYINDIA.NS,169.73,75.59,194.8,290.88,1069.3
RADICO.NS,379.47,468.45,247.68,467.1,1196.9
SAPPHIRE.NS,306.49,524.34,275.82,320.64,1188.5
AMARAJABAT.NS,533.75,903.63,498.28,604.48,572.3
EIDPARRY.NS,605.81,3029.06,635.94,889.12,484.65
IRB.NS,39.5,15.7,24.8,20.32,24.8
BORORENEW.NS,117.84,89.73,107.15,126.88,437.3
HFCL.NS,39.42,50.16,31.51,33.12,62.2
CENTURYTEX.NS,616.65,656.61,369.8,287.84,630.35
IIFL.NS,400.71,202.03,426.94,589.12,429.65
BDL.NS,309.82,252.89,308.72,396.8,905.35
MAZDOCK.NS,397.05,549.62,469.47,734.4,659.55
METROPOLIS.NS,344.48,351.59,340.45,440.96,1230.55
UTIAMC.NS,562.56,155.8,470.96,531.36,690.7
HINDCOPPER.NS,37.92,26.36,34.05,40.0,98.6
MAHLIFE.NS,218.86,51.22,199.23,239.2,340.45
AARTIDRUGS.NS,210.87,421.47,225.11,300.64,373.7
TEAMLEASE.NS,789.91,6737.5,805.26,1045.76,2290.75
CENTURYPLY.NS,144.81,252.9,162.54,244.16,475.45
ORIENTELEC.NS,46.48,187.74,51.88,75.04,270.35
EPL.NS,104.44,169.02,89.18,97.6,155.5
RATNAMANI.NS,612.1,849.68,678.87,969.44,2084.55
MHRIL.NS,30.01,177.09,37.11,59.36,264.45
JAMNAAUTO.NS,32.67,87.44,41.98,69.12,99.1
BLUESTARCO.NS,199.93,1204.93,204.88,274.24,1453.95
CHOLAHLDNG.NS,686.94,1005.27,706.35,967.04,549.55
KALYANKJIL.NS,58.5,200.54,54.59,66.08,117.65
ECLERX.NS,652.24,803.48,849.44,1460.96,1355.2
GREENPANEL.NS,165.45,226.02,208.38,343.2,275.75
NOCIL.NS,169.47,155.9,152.0,179.36,209.95
MOTILALOFS.NS,724.4,372.93,805.09,1139.52,559.4
TEJASNET.NS,322.06,68.18,NA,0.0,590.45
TIMKEN.NS,442.48,529.11,557.07,891.2,2765.5
TRITURBINE.NS,50.34,53.39,58.17,87.36,314.65
CSBBANK.NS,308.9,142.12,343.02,502.4,245.4
ASAHIINDIA.NS,148.11,249.04,174.02,271.84,468.2
SWSOLAR.NS,33.52,239.38,NA,0.0,311.2
CEATLTD.NS,1470.92,4133.97,586.95,303.68,1405.55
MTARTECH.NS,334.16,236.06,347.67,471.04,1642.95
ROSSARI.NS,285.37,466.95,257.95,303.52,597.7
HEG.NS,1934.8,996.51,1852.4,2309.92,956.65
TCIEXP.NS,273.0,470.11,348.11,565.28,1463.6
ITI.NS,44.19,25.73,22.13,13.12,87.65
SHYAMMETL.NS,473.06,726.18,478.92,627.84,275.95
RALLIS.NS,166.02,230.58,122.6,117.28,198.3
GODFRYPHLP.NS,1104.84,1026.8,1226.35,1776.48,1841.4
GODREJAGRO.NS,207.23,733.93,226.68,320.8,411.0
HLEGLAS.NS,67.62,196.87,91.98,162.72,510.55
TCNSBRANDS.NS,181.69,286.78,38.81,10.72,451.2
TCI.NS,381.86,753.54,429.28,645.6,627.95
PRSMJOHNSN.NS,44.39,207.08,NA,0.0,106.3
NUVOCO.NS,433.89,441.57,NA,0.0,332.65
360ONE.NS,153.43,88.03,190.78,302.72,429.6
GARFIBRES.NS,915.93,963.77,944.64,1263.84,2788.5
LAXMIMACH.NS,3698.39,6400.1,3974.07,5641.44,10581.5
CCL.NS,181.8,217.95,201.01,284.96,556.5
VIJAYA.NS,89.87,67.83,93.79,127.36,388.45
JYOTHYLAB.NS,72.73,99.81,73.01,95.04,188.3
KRBL.NS,346.91,334.27,340.93,447.04,356.55
PCBL.NS,138.38,226.09,139.75,183.04,114.55
SUPRAJIT.NS,152.85,281.03,147.15,183.52,354.1
IOB.NS,22.7,6.66,16.96,16.64,22.95
HGS.NS,2982.19,1027.2,1544.52,1047.04,1027.2
UCOBANK.NS,38.61,8.82,24.33,20.0,24.45
GESHIP.NS,1115.63,521.27,1310.93,1910.24,601.2
KALPATPOWR.NS,519.17,1472.5,406.13,412.96,559.55
SHILPAMED.NS,374.97,195.93,55.02,10.4,241.65
INOXLEISUR.NS,104.8,219.96,NA,0.0,508.85
KIMS.NS,350.3,371.18,412.2,617.12,1321.4
FDC.NS,204.05,152.5,165.03,170.4,256.2
PGHL.NS,794.51,1054.59,1185.88,2258.56,4886.25
PRINCEPIPE.NS,204.52,393.01,160.51,164.16,573.8
JMFINANCIL.NS,153.49,36.05,120.71,123.84,62.25
GAEL.NS,184.99,319.04,199.14,282.88,244.6
CERA.NS,1473.23,1993.71,1686.68,2497.28,6326.7
CGCL.NS,209.25,59.21,152.14,141.76,571.95
IFBIND.NS,306.0,1546.56,NA,0.0,793.9
HOMEFIRST.NS,346.07,73.06,333.22,410.72,692.15
VAIBHAVGBL.NS,127.66,249.23,100.29,102.08,295.75
NCC.NS,171.81,345.49,148.47,169.6,105.95
ASTERDM.NS,151.29,345.5,136.77,159.52,239.55
INDIACEM.NS,348.0,275.2,201.0,151.84,179.8
SHARDACROP.NS,389.54,671.29,423.16,595.2,460.95
BHARATRAS.NS,3604.17,4970.91,4314.26,6627.04,9511.0
EDELWEISS.NS,130.81,67.44,60.81,36.32,53.05
GOCOLORS.NS,155.89,168.03,173.23,238.88,935.35
VGUARD.NS,60.95,140.69,63.23,84.16,248.55
ABSLAMC.NS,157.79,74.56,195.49,324.48,355.9
NH.NS,164.29,321.35,215.03,371.04,771.25
PNBHOUSING.NS,1148.96,227.29,868.95,867.68,510.65
FINCABLES.NS,490.04,451.9,459.88,572.48,819.45
CENTRALBK.NS,61.59,15.9,34.49,25.44,23.95
RTNINDIA.NS,7.63,33.17,16.7,47.36,36.05
SFL.NS,280.06,468.85,262.47,317.6,1053.35
VMART.NS,790.74,1784.65,358.61,209.92,2284.35
JKPAPER.NS,382.98,549.3,534.37,984.8,380.85
CAPLIPOINT.NS,384.13,281.21,457.06,698.88,601.8
DHANI.NS,155.45,26.55,NA,0.0,28.5
BEML.NS,944.09,1486.07,639.08,546.56,1248.3
INDOCO.NS,190.81,270.49,201.22,273.28,331.8
SHOPERSTOP.NS,20.22,525.73,44.6,126.88,644.9
JBMA.NS,150.33,512.49,169.08,250.56,638.9
DBL.NS,326.18,1035.0,90.08,31.36,179.4
CHALET.NS,122.45,69.07,100.04,104.64,360.55
OLECTRA.NS,180.9,186.86,123.63,112.16,655.25
TATACOFFEE.NS,165.75,224.45,167.49,217.92,203.5
SYMPHONY.NS,214.95,277.64,242.75,359.36,1110.55
RITES.NS,198.97,173.3,233.81,361.76,358.15
AVANTIFEED.NS,255.52,588.71,249.5,312.32,333.6
TATAINVEST.NS,7254.56,89.26,2108.4,787.52,1934.55
KNRCON.NS,161.49,209.26,179.24,254.56,253.9
TTKPRESTIG.NS,237.57,315.91,253.71,353.28,692.9
POLYMED.NS,215.68,169.01,210.06,265.6,963.35
HUDCO.NS,135.0,21.32,119.89,138.88,43.5
FACT.NS,14.16,161.82,41.65,165.12,221.15
MOIL.NS,195.04,101.68,208.81,286.88,148.45
FINPIPE.NS,115.49,119.5,115.2,150.08,168.1
GUJALKALI.NS,1523.83,935.68,1180.78,1195.84,592.6
KARURVYSYA.NS,178.71,60.81,163.71,191.68,97.3
VARROC.NS,103.16,669.61,NA,0.0,254.45
CASTROLIND.NS,34.7,73.31,59.42,132.0,110.45
RHIM.NS,130.42,198.0,174.15,303.36,607.2
ZYDUSWELL.NS,1364.89,499.23,921.49,775.68,1471.05
RBA.NS,35.1,59.67,NA,0.0,89.9
PRIVISCL.NS,389.86,604.6,282.89,263.36,1043.95
WESTLIFE.NS,60.38,211.46,71.16,109.12,689.35
SUVENPHAR.NS,106.42,78.72,140.91,239.2,471.8
ASTRAZEN.NS,388.48,564.61,464.07,704.0,3338.75
MAHINDCIE.NS,261.36,404.72,225.55,254.08,361.55
POWERINDIA.NS,496.95,1512.23,545.59,773.44,3357.15
JUBLPHARMA.NS,628.59,595.58,207.62,90.4,289.85
GSFC.NS,544.39,422.73,470.29,532.32,124.0
WOCKPHARMA.NS,466.23,291.39,NA,0.0,170.95
RVNL.NS,60.66,151.64,72.45,110.72,64.7
SJVN.NS,64.78,10.67,49.22,48.48,30.95
ENGINERSIN.NS,60.0,87.89,55.46,66.24,75.0
NAZARA.NS,299.2,219.96,124.05,65.44,510.3
INFIBEAM.NS,20.59,9.62,10.52,7.04,14.3
JKLAKSHMI.NS,412.24,813.36,437.82,611.84,737.45
BBTC.NS,1395.0,3587.14,NA,0.0,837.0
EIHOTEL.NS,90.86,41.95,66.69,63.36,158.0
THYROCARE.NS,120.73,150.0,140.02,211.36,440.0
COCHINSHIP.NS,635.67,352.23,544.79,617.6,448.5
EQUITASBNK.NS,68.21,41.01,56.24,60.64,64.8
SUDARSCHEM.NS,230.02,501.21,152.45,133.6,407.65
RAINBOW.NS,174.16,163.01,159.61,193.12,732.45
GRINFRA.NS,1064.22,1498.18,1318.59,2153.76,1028.75
MAHLOG.NS,141.43,1029.62,112.3,115.84,363.8
SONATSOFTW.NS,151.74,750.27,247.24,517.44,825.3
UFLEX.NS,1922.82,3204.71,1651.76,1889.6,363.2
RCF.NS,149.72,588.9,183.34,296.8,98.15
IBREALEST.NS,134.75,21.46,NA,0.0,54.65
RAYMOND.NS,722.86,1860.29,876.58,1406.08,1265.0
GALAXYSURF.NS,903.14,1946.98,1107.55,1770.24,2388.3
GPPL.NS,78.4,29.0,73.99,92.16,110.2
LEMONTREE.NS,20.58,14.3,11.68,8.64,75.1
BASF.NS,1102.51,4836.25,1346.7,2137.76,2321.4
PNCINFRA.NS,287.49,473.83,317.76,462.08,284.3
INDUSTOWER.NS,134.55,162.95,121.78,144.0,151.0
SIEMENS.NS,586.18,703.44,555.06,672.0,3324.95
BEL.NS,32.25,36.26,38.68,59.68,92.1
TORNTPHARM.NS,326.17,413.09,314.61,391.04,1531.2
NYKAA.NS,8.89,25.14,2.99,1.28,138.1
BANDHANBNK.NS,221.1,84.77,229.47,320.16,212.5
HDFCAMC.NS,469.9,178.07,604.47,1038.56,1743.85
VEDL.NS,265.35,598.35,393.22,751.04,271.25
NAUKRI.NS,2023.19,260.99,1233.58,978.72,3518.1
SRF.NS,563.08,744.91,888.19,1802.24,2383.7
COLPAL.NS,147.72,386.02,230.41,1049.49,1520.9
GMMPFAUDLR.NS,274.56,1012.4,491.7,1135.36,1525.35
HIKAL.NS,172.29,264.87,97.84,77.92,307.25
SIS.NS,267.61,1148.97,281.9,381.92,352.35
SWANENERGY.NS,145.14,45.91,NA,0.0,216.1
WELCORP.NS,303.94,446.08,173.79,128.48,199.25
BANKBARODA.NS,366.07,124.52,318.66,363.84,162.7
AMBUJACEM.NS,282.65,234.55,176.94,142.24,372.15
BERGEPAINT.NS,76.17,159.4,91.61,141.28,575.95
ZOMATO.NS,44.49,11.41,NA,0.0,52.65
PIDILITIND.NS,234.08,343.2,266.76,389.6,2368.1
ACC.NS,1360.41,1401.85,841.54,683.04,1738.3
ICICIPRULI.NS,125.83,555.86,93.24,88.16,418.75
SBICARD.NS,169.68,193.6,223.97,377.44,720.2
BOSCHLTD.NS,6568.32,7124.15,6253.3,7617.28,18427.8
MOTHERSON.NS,55.66,163.12,30.81,22.08,65.25
MUTHOOTFIN.NS,940.07,286.53,1029.48,1473.6,981.85
PIIND.NS,793.18,630.9,868.62,1229.92,2956.8
HAVELLS.NS,179.23,399.63,194.71,274.08,1190.9
CHOLAFIN.NS,290.29,111.78,312.87,443.52,746.7
ICICIGI.NS,387.11,554.9,395.58,520.16,1083.9
BAJAJHLDNG.NS,6960.52,70.85,6020.5,6671.52,6032.45
IOC.NS,167.29,846.43,NA,0.0,79.0
LICI.NS,77.62,1939.09,192.38,620.0,568.8
MCDOWELL-N.NS,196.7,302.06,176.23,457.92,768.75
TATAPOWER.NS,156.6,265.62,140.75,168.0,200.1
GODREJCP.NS,298.75,255.64,210.55,429.03,952.25
HAL.NS,1098.64,1138.15,1535.26,2678.4,2496.35
MPHASIS.NS,732.68,1123.64,853.11,1306.56,1782.85
IRCTC.NS,50.88,61.88,85.15,184.32,605.15
AAVAS.NS,700.58,188.84,664.59,818.56,1700.85
RAJESHEXPO.NS,863.8,16316.25,635.75,630.88,652.65
SUPREMEIND.NS,563.09,1098.05,661.6,1010.4,2540.15
DALBHARAT.NS,1452.07,1039.82,1012.06,902.4,1823.15
TVSMOTOR.NS,192.99,969.91,253.56,428.48,1047.5
ADANITRANS.NS,164.86,166.49,153.06,174.56,1084.4
CANBK.NS,789.19,311.78,709.9,844.64,280.6
ABCAPITAL.NS,131.5,158.37,168.13,296.8,154.15
GRINDWELL.NS,262.93,329.76,317.8,491.84,1763.1
PFC.NS,537.71,184.29,581.8,830.4,152.35
PNB.NS,172.1,33.15,56.98,25.12,46.85
BANKINDIA.NS,269.63,59.84,151.88,113.76,73.4
TRENT.NS,123.98,319.77,127.37,171.84,1345.15
PGHH.NS,655.59,2415.76,991.1,4304.34,13830.2
DLF.NS,276.89,36.45,155.15,115.68,367.65
DMART.NS,418.49,952.97,430.76,569.6,3373.5
SHREECEM.NS,8934.33,7098.66,6654.44,6326.88,25413.2
GAIL.NS,183.67,321.73,164.44,192.16,105.1
MARICO.NS,69.81,150.74,78.8,257.58,479.35
LTIM.NS,963.19,1075.21,1314.12,2297.12,4601.9
BIOCON.NS,151.46,128.84,75.69,50.88,207.0
DABUR.NS,90.32,97.01,103.44,152.8,539.4
PAYTM.NS,388.06,167.49,NA,0.0,623.05
ATGL.NS,42.77,56.92,56.07,91.84,982.05
GLAND.NS,834.43,358.02,822.74,1036.0,1284.1
ADANIGREEN.NS,57.54,60.07,52.94,59.36,982.35
ABBOTINDIA.NS,2345.58,3787.84,3528.33,6930.24,21540.2
RELAXO.NS,130.02,166.96,101.23,102.88,829.25
POLICYBZR.NS,217.61,74.46,NA,0.0,580.3
SYNGENE.NS,148.74,111.39,140.77,172.16,579.25
PHOENIXLTD.NS,783.6,201.03,797.38,1052.16,1297.3
JINDALSTEL.NS,711.32,819.41,580.22,634.88,557.2
LICHSGFIN.NS,874.57,179.6,702.2,755.68,335.25
ASHOKLEY.NS,43.98,196.14,34.08,33.76,137.3
AFFLE.NS,184.98,160.59,205.51,299.52,973.2
UNIONBANK.NS,207.8,60.23,163.53,169.6,64.65
ESCORTS.NS,1310.58,928.33,941.47,876.32,1856.65
ATUL.NS,2766.16,2823.0,2546.99,2979.04,6869.3
ABFRL.NS,68.89,187.5,41.76,32.48,211.25
HONAUT.NS,6031.68,5526.96,5907.36,7384.16,35519.9
TATACHEM.NS,1383.0,949.12,1180.55,1315.68,968.1
OFSS.NS,1444.04,951.66,1936.01,3308.64,3184.9
MSUMI.NS,4.47,23.23,7.16,14.72,47.7
GODREJIND.NS,391.86,772.97,329.49,353.76,407.1
SHRIRAMFIN.NS,1906.71,477.48,1981.6,2695.36,1260.55
FLUOROCHEM.NS,806.47,733.73,1065.31,1830.24,3091.45
RECLTD.NS,384.22,87.61,429.89,626.72,117.4
INDIANB.NS,712.03,218.61,596.31,661.76,276.9
TATACOMM.NS,57.62,925.68,218.53,1066.56,1221.9
PFIZER.NS,1143.86,785.84,1341.2,2006.88,3520.55
GLAXO.NS,156.19,292.67,219.24,397.92,1295.55
KANSAINER.NS,145.78,204.63,115.32,116.8,384.7
ASTRAL.NS,163.63,283.12,172.03,232.64,1336.35
AUBANK.NS,285.62,113.63,265.98,323.36,569.65
RAMCOCEM.NS,502.98,460.89,289.55,212.0,740.5
CONCOR.NS,329.95,199.86,275.58,297.76,590.25
PERSISTENT.NS,970.53,1544.2,1131.77,1729.92,4426.7
INDIAMART.NS,1097.56,444.94,1145.3,1512.96,4932.9
DEVYANI.NS,12.62,36.01,18.61,35.84,141.65
KPRMILL.NS,182.07,253.16,229.91,378.72,590.7
CGPOWER.NS,16.41,67.34,29.23,68.8,296.3
ZYDUSLIFE.NS,297.31,244.41,276.06,329.92,482.3
HINDZINC.NS,131.91,118.9,210.91,427.52,320.25
BALKRISIND.NS,715.27,771.0,730.66,966.56,1978.9
LUPIN.NS,476.49,537.47,NA,0.0,648.55
NATCOPHARM.NS,459.17,201.64,345.36,338.88,548.45
ISEC.NS,146.33,140.06,254.97,577.28,439.8
WHIRLPOOL.NS,488.51,794.88,340.83,305.28,1340.7
BATAINDIA.NS,180.29,389.09,238.51,403.36,1416.3
LTTS.NS,777.59,1077.21,999.46,1630.4,3360.9
AIAENG.NS,964.33,746.92,1132.13,1687.68,2823.35
NAVINFLUOR.NS,711.92,545.22,749.72,1018.08,4263.6
CLEAN.NS,150.68,133.55,214.7,401.92,1343.55
IPCALAB.NS,411.64,357.63,325.71,331.36,784.4
FEDERALBNK.NS,173.18,62.66,167.75,208.0,127.0
HATSUN.NS,89.93,476.82,96.03,131.68,832.85
ZFCVINDIA.NS,2105.67,2562.31,1954.91,2316.0,10095.5
MRF.NS,60841.88,79903.1,32525.14,22412.32,84164.6
INDHOTEL.NS,92.22,54.33,77.75,84.96,314.05
VBL.NS,190.64,410.02,205.65,646.11,1355.1
DELHIVERY.NS,229.91,154.6,NA,0.0,325.7
MFSL.NS,209.82,1356.32,146.27,133.92,632.95
HAPPSTMNDS.NS,94.65,139.2,134.67,247.36,804.55
TATAELXSI.NS,492.01,724.32,834.77,1824.16,6040.85
BHARATFORG.NS,255.28,418.53,202.31,206.88,770.1
CUMMINSIND.NS,348.15,400.94,409.07,620.32,1630.5
GODREJPROP.NS,583.71,107.12,315.61,224.0,1066.9
SUNDARMFIN.NS,1510.51,382.42,1467.48,1826.4,2274.15
KAJARIACER.NS,253.51,404.46,255.3,329.76,1040.8
DIXON.NS,338.16,3062.11,407.63,631.68,2898.8
TORNTPOWER.NS,419.86,750.73,345.1,372.48,515.5
EMAMILTD.NS,128.13,153.31,155.46,549.18,364.1
IEX.NS,20.85,10.99,42.83,262.71,147.95
GUJGASLTD.NS,167.16,387.83,215.63,362.72,491.25
PAGEIND.NS,2146.52,6707.34,3994.14,9620.32,37516.4
ZEEL.NS,209.03,132.24,107.68,72.48,216.0
PETRONET.NS,179.45,593.02,221.52,360.8,229.3
STARHEALTH.NS,205.62,304.91,138.87,120.64,552.9
MAXHEALTH.NS,130.08,66.82,126.42,159.2,466.85
SOLARINDS.NS,432.85,1041.38,658.78,1277.12,3811.45
POONAWALLA.NS,153.75,35.89,121.83,125.92,286.15
LINDEINDIA.NS,591.24,426.82,603.97,781.28,3915.35
APLLTD.NS,473.85,437.19,252.2,173.76,489.65
BHEL.NS,121.58,103.19,55.61,33.76,74.3
THERMAX.NS,580.04,1001.96,497.58,559.2,2291.15
TIINDIA.NS,312.61,1068.97,106.14,44.96,2480.0
SONACOMS.NS,65.99,64.42,73.35,105.76,413.55
IGL.NS,212.42,280.21,251.21,387.2,439.0
JUBLFOOD.NS,57.25,116.91,67.54,103.68,448.15
SANOFI.NS,1001.55,1809.24,1824.87,4274.72,5681.0
BAYERCROP.NS,1147.71,1703.03,1559.83,2701.12,3985.1
ALKEM.NS,1366.16,1393.69,1219.22,1382.56,3149.75
TRIDENT.NS,14.1,19.84,12.69,14.88,27.65
UBL.NS,358.74,563.31,263.85,558.63,1436.45
3MINDIA.NS,3699.05,4980.94,4179.64,5893.28,21783.3
COROMANDEL.NS,461.32,1474.37,641.05,1156.16,894.45
IRFC.NS,61.06,7.78,61.28,79.04,26.8
DEEPAKNTR.NS,490.74,884.51,621.23,1025.28,1810.3
IDFCFIRSTB.NS,65.25,32.41,50.11,50.24,55.1
NIACL.NS,440.14,366.79,109.78,36.0,102.7
ALKYLAMINE.NS,379.74,499.37,453.08,694.08,2303.75
NAM-INDIA.NS,98.06,36.61,114.0,171.84,208.65
POLYCAB.NS,758.36,1397.74,845.91,1226.72,2860.7
APLAPOLLO.NS,194.18,884.25,230.49,359.84,1243.85
GICRE.NS,670.62,421.99,532.01,554.24,137.85
UNOMINDA.NS,121.01,288.8,122.57,163.04,452.45
HINDPETRO.NS,361.04,4550.62,NA,0.0,242.7
VOLTAS.NS,303.54,423.58,137.88,81.44,833.05
ABB.NS,422.11,610.25,506.24,781.76,3360.45
ENDURANCE.NS,526.23,941.94,459.69,524.32,1230.8
SUNDRMFAST.NS,245.68,396.25,265.47,367.04,982.7
AUROPHARMA.NS,760.93,602.67,593.98,575.68,486.15
NHPC.NS,67.29,15.54,55.69,59.84,40.0
VINATIORGA.NS,349.13,303.5,433.13,692.96,1780.55
SKFINDIA.NS,776.38,1309.91,984.08,1622.88,4252.85
JSWENERGY.NS,203.79,96.86,169.15,188.96,247.95
PRESTIGE.NS,429.29,307.13,427.76,556.0,419.75
OBEROIRLTY.NS,554.05,169.78,509.64,609.12,855.7
COFORGE.NS,851.95,1899.63,1137.71,1983.52,3748.6
SUNTV.NS,413.47,147.67,463.28,679.2,427.25
MANYAVAR.NS,85.02,81.9,129.58,255.84,1123.65
AJANTPHARM.NS,525.85,453.28,551.54,769.28,1229.9
YESBANK.NS,26.31,5.07,10.71,5.6,15.2
SCHAEFFLER.NS,492.2,656.66,594.19,914.24,2753.6
JKCEMENT.NS,1048.92,1811.43,937.79,1079.68,2837.9
LAURUSLABS.NS,127.81,171.62,162.91,269.6,303.2
LODHA.NS,443.07,309.03,178.06,93.92,846.75
NATIONALUM.NS,126.57,122.13,128.08,165.76,77.35
SUMICHEM.NS,81.36,107.4,99.02,156.64,430.3
SAIL.NS,249.24,402.42,276.67,414.72,85.85
BLUEDART.NS,782.8,3247.79,1343.59,2962.24,6105.85
PATANJALI.NS,456.44,1225.62,383.89,405.28,882.45
AWL.NS,113.19,702.17,85.31,84.8,421.3
LALPATHLAB.NS,338.76,366.84,353.86,476.8,1829.3
CROMPTON.NS,71.85,156.11,87.78,137.28,291.4
TITAN.NS,210.21,651.48,299.71,554.56,2519.05
OIL.NS,633.33,575.04,759.9,1198.24,256.85
ADANIPORTS.NS,371.9,128.42,322.73,368.48,654.95
BAJAJFINSV.NS,500.43,744.23,464.32,573.6,1290.0
BAJFINANCE.NS,1480.89,617.04,1798.96,2892.48,5833.05
HDFC.NS,1842.92,896.46,1769.49,2191.2,2569.85
SBIN.NS,953.95,528.61,674.34,1387.53,512.75
ULTRACEMCO.NS,3228.65,3147.85,2886.04,3317.76,7407.95
TATASTEEL.NS,162.78,314.7,213.19,367.2,104.9
HEROMOTOCO.NS,1513.35,2586.68,1545.97,2069.12,2362.5
SBILIFE.NS,228.04,1207.18,217.95,268.64,1118.65
HCLTECH.NS,5.21,6.94,58.3,848.16,1065.9
TECHM.NS,545.18,792.87,632.45,936.16,1099.45
UPL.NS,608.31,1075.3,625.34,837.44,709.7
INDUSINDBK.NS,1190.16,356.86,1141.57,1411.68,1018.25
SUNPHARMA.NS,399.04,266.15,296.57,283.36,977.65
EICHERMOT.NS,882.72,709.46,1014.79,1508.32,2927.7
NTPC.NS,266.34,264.55,242.58,286.88,174.6
CIPLA.NS,376.96,408.67,363.37,443.34,869.1
NESTLEIND.NS,505.83,3406.87,1027.29,6046.51,19044.4
AXISBANK.NS,799.92,251.12,813.85,1072.32,848.8
ASIANPAINT.NS,264.5,523.93,354.84,608.96,2797.8
TATAMOTORS.NS,317.0,1462.15,NA,0.0,419.15
DRREDDY.NS,1835.9,2137.96,1713.48,2045.2,4446.95
ONGC.NS,410.51,739.35,423.45,574.88,152.8
TCS.NS,422.57,892.76,675.09,1387.36,3124.65
BAJAJ-AUTO.NS,1655.55,1964.21,2053.51,3295.04,3862.95
POWERGRID.NS,211.57,94.4,240.48,349.12,222.15
GRASIM.NS,2110.01,2483.43,1774.13,1920.8,1605.95
JSWSTEEL.NS,469.55,1043.44,296.43,242.08,667.8
INFY.NS,3.86,6.43,52.77,921.12,1374.55
LT.NS,1064.87,1958.57,967.73,1143.68,2206.65
KOTAKBANK.NS,1248.07,517.63,914.58,1923.48,1679.7
MARUTI.NS,3333.87,5644.05,3160.36,3877.44,8353.2
APOLLOHOSP.NS,747.47,1582.61,736.5,925.28,4273.05
ICICIBANK.NS,530.97,245.35,549.49,732.32,855.45
HINDUNILVR.NS,380.7,377.67,442.41,658.88,2485.1
ITC.NS,127.77,113.12,132.33,396.63,380.65
COALINDIA.NS,168.43,316.86,306.68,731.04,213.35
BRITANNIA.NS,205.42,1323.78,405.15,2324.7,4242.7
WIPRO.NS,180.75,242.08,207.52,305.12,361.5
DIVISLAB.NS,563.75,470.85,704.97,1127.34,2803.1
HDFCLIFE.NS,77.63,476.32,74.04,91.7,498.55
HINDALCO.NS,495.06,1533.85,245.58,159.95,398.8
BPCL.NS,368.84,3265.78,305.78,326.34,348.35
ADANIENT.NS,283.26,1661.11,153.31,109.1,1794.0
TATACONSUM.NS,370.56,289.82,164.78,212.73,707.15
