"MAHLIFE","360.00","384.90","352.35","349.30","378.00","28.70","8.22",1106529,"413,808,650.13","550.75","252.40","43.66","4.60"
"AAVAS","1,850.25","2,016.55","1,846.00","1,861.40","1,999.15","137.75","7.40",582866,"1,150,688,228.54","3,340.00","1,698.50","-34.56","15.42"
"RAJESHEXPO","900.10","977.00","865.75","898.35","950.00","51.65","5.75",1047556,"963,070,608.60","977.00","518.50","16.89","25.50"
"AARTIDRUGS","408.50","424.40","400.55","402.20","420.00","17.80","4.43",239372,"99,741,524.96","536.40","378.00","-20.16","-6.52"
"FSL","112.10","116.80","110.10","111.50","116.35","4.85","4.35",8676975,"989,956,077.75","168.70","93.00","-23.97","13.64"
"M&MFIN","239.15","247.85","234.00","237.80","247.55","9.75","4.10",4704672,"1,121,546,758.08","247.85","128.00","58.44","3.33"
"SUPREMEIND","2,550.00","2,646.00","2,524.75","2,548.25","2,646.00","97.75","3.84",141312,"367,269,888.00","2,646.00","1,666.25","30.43","10.21"
"CANBK","288.00","297.30","278.75","285.10","295.90","10.80","3.79",16406307,"4,736,500,830.90","341.70","171.75","13.60","-9.47"
"DALBHARAT","1,791.80","1,883.95","1,791.80","1,802.65","1,868.15","65.50","3.63",408062,"753,209,000.84","2,015.00","1,212.50","-3.73","-0.39"
"TEAMLEASE","2,299.00","2,372.45","2,255.00","2,248.65","2,329.45","80.80","3.59",65274,"152,237,897.46","4,688.00","2,172.30","-46.75","-6.59"
"EPL","149.00","153.95","147.90","147.80","153.00","5.20","3.52",2033996,"307,540,195.20","198.90","147.00","-19.46","-8.72"
"ORIENTELEC","275.00","284.90","269.00","272.20","281.55","9.35","3.43",324415,"90,005,697.60","358.00","244.00","-16.85","6.89"
"TVSMOTOR","1,005.30","1,039.80","999.60","1,002.05","1,035.30","33.25","3.32",1252136,"1,276,965,856.88","1,176.90","513.00","58.59","0.52"
"CENTURYPLY","493.00","515.00","488.80","490.50","505.75","15.25","3.11",235447,"117,290,277.52","749.00","476.00","-21.10","-0.62"
"RATNAMANI","2,271.00","2,385.95","2,236.75","2,291.10","2,360.00","68.90","3.01",52719,"122,624,921.19","2,385.95","1,297.27","15.21","13.38"
"SWSOLAR","279.90","289.00","276.00","278.00","286.25","8.25","2.97",336259,"95,067,144.48","406.50","256.25","-25.98","4.78"
"JAMNAAUTO","105.80","109.90","105.50","104.85","107.95","3.10","2.96",2315777,"250,520,755.86","135.50","94.50","0.42","3.05"
"IDEA","6.80","7.00","6.45","6.80","7.00","0.20","2.94",143726966,"958,658,863.22","11.95","6.30","-39.38","-13.29"
"MHRIL","251.00","265.00","251.00","252.70","259.90","7.20","2.85",392667,"101,359,132.71","313.60","195.00","27.93","-0.29"
"KALYANKJIL","111.45","115.00","111.10","110.65","113.80","3.15","2.85",3910365,"441,636,623.10","134.20","55.05","70.46","-7.43"
"MCX","1,479.95","1,516.75","1,469.85","1,469.90","1,507.40","37.50","2.55",214112,"318,660,748.48","1,697.10","1,143.00","5.68","3.22"
"ABCAPITAL","142.00","142.85","138.00","138.50","142.00","3.50","2.53",5437878,"763,749,965.10","162.45","85.60","14.64","-5.25"
"GRINDWELL","1,992.95","2,050.00","1,975.00","1,980.20","2,029.00","48.80","2.46",194362,"390,774,519.10","2,328.35","1,451.00","9.41","5.75"
"ELGIEQUIP","381.20","390.70","377.50","379.85","389.05","9.20","2.42",701163,"266,533,091.19","566.60","248.70","-7.78","-7.63"
"PFC","139.00","141.85","135.65","138.45","141.55","3.10","2.24",5885945,"816,203,993.15","161.80","97.10","18.02","-9.82"
"PNB","51.25","52.30","49.20","50.80","51.90","1.10","2.17",114130816,"5,773,877,981.44","62.00","28.05","24.82","-8.72"
"BANKINDIA","78.25","80.40","76.65","77.75","79.40","1.65","2.12",17282156,"1,357,513,353.80","103.50","40.40","41.15","-15.34"
"TRENT","1,217.00","1,238.40","1,209.05","1,210.60","1,236.10","25.50","2.11",304320,"373,233,264.00","1,566.00","980.00","16.86","-3.46"
"AEGISCHEM","361.90","388.80","361.90","358.65","366.10","7.45","2.08",5409102,"2,041,665,549.90","388.80","167.25","60.91","7.31"
"BLUESTARCO","1,333.10","1,392.95","1,333.05","1,329.85","1,357.00","27.15","2.04",239212,"325,677,569.52","1,392.95","855.60","34.36","13.16"
"NBCC","34.80","35.25","33.65","34.50","35.20","0.70","2.03",7122070,"244,856,766.60","47.90","26.55","-24.21","-12.31"
"CARBORUNIV","967.00","994.95","967.00","972.85","992.00","19.15","1.97",519903,"513,518,591.16","994.95","652.00","9.75","7.02"
"ECLERX","1,480.00","1,532.00","1,475.55","1,452.75","1,480.00","27.25","1.88",225495,"339,056,536.95","1,716.60","1,221.00","-39.02","17.33"
"BIRLACORPN","909.90","932.70","901.15","907.20","924.00","16.80","1.85",63946,"58,726,727.48","1,430.00","823.00","-31.40","-6.10"
"MASTEK","1,630.60","1,650.00","1,613.85","1,622.45","1,650.00","27.55","1.70",27959,"45,646,422.58","3,413.10","1,490.15","-40.18","-4.19"
"BCG","27.25","27.90","25.95","27.10","27.55","0.45","1.66",26479010,"720,493,862.10","109.74","23.80","-","-4.20"
"ABBOTINDIA","20,500.00","20,925.30","20,436.65","20,480.30","20,800.00","319.70","1.56",7409,"153,652,287.40","22,499.00","15,514.00","31.57","-5.58"
"CHOLAHLDNG","602.75","610.00","597.95","600.65","609.95","9.30","1.55",398944,"239,478,104.32","713.90","536.50","-13.76","7.26"
"NOCIL","208.45","211.25","204.50","207.40","210.60","3.20","1.54",301330,"62,764,025.70","294.90","190.70","-8.41","-11.07"
"RELAXO","796.90","809.65","793.85","796.10","808.00","11.90","1.49",101333,"81,133,279.78","1,339.85","790.00","-38.59","-9.49"
"POLICYBZR","422.00","438.90","416.25","420.90","427.00","6.10","1.45",1486286,"638,880,037.10","972.40","356.20","-54.55","-7.95"
"MOTILALOFS","690.65","703.00","675.40","692.95","695.80","9.85","1.44",39622,"27,216,748.02","960.00","653.00","-23.85","-1.23"
"CSBBANK","249.00","254.00","248.50","247.45","251.00","3.55","1.43",449223,"112,862,786.52","275.10","178.00","-3.27","0.16"
"SYNGENE","561.05","572.00","559.30","562.35","570.05","7.70","1.37",814270,"460,029,979.20","683.00","510.05","-0.15","-4.16"
"PHOENIXLTD","1,367.00","1,397.80","1,340.00","1,366.95","1,384.95","18.00","1.32",104309,"143,184,964.30","1,624.00","885.05","39.32","-1.75"
"JINDALSTEL","578.00","584.90","569.55","575.05","582.50","7.45","1.30",2797927,"1,613,816,314.33","622.75","304.20","37.29","-1.84"
"CESC","71.95","73.25","71.40","71.80","72.70","0.90","1.25",1468822,"105,799,248.66","88.00","68.00","-12.47","-5.59"
"LICHSGFIN","395.50","400.70","389.60","394.85","399.75","4.90","1.24",1227587,"485,940,313.95","443.60","291.75","1.23","-4.94"
"ASHOKLEY","153.15","156.30","151.65","152.05","153.90","1.85","1.22",20503367,"3,155,673,214.97","169.45","93.20","13.00","3.67"
"AFFLE","1,077.70","1,099.70","1,054.55","1,066.45","1,079.00","12.55","1.18",168192,"180,834,992.64","1,380.00","871.55","-14.68","3.60"
"UNIONBANK","73.90","74.90","70.70","73.40","74.25","0.85","1.16",19317133,"1,401,457,999.15","96.40","33.50","53.96","-8.31"
"ESCORTS","2,051.00","2,087.55","2,040.25","2,051.15","2,074.85","23.70","1.16",144497,"297,918,134.72","2,358.35","1,306.70","13.17","-4.21"
"ATUL","7,189.95","7,270.00","7,156.05","7,167.10","7,249.60","82.50","1.15",34126,"246,666,481.86","10,647.40","6,873.75","-23.32","-8.71"
"GREENPANEL","290.95","290.95","276.25","286.65","289.90","3.25","1.13",375307,"106,031,733.64","625.70","276.25","-44.32","-12.19"
"ABFRL","250.65","251.30","245.55","248.10","250.90","2.80","1.13",770472,"191,408,358.96","359.50","221.30","-15.23","-10.42"
"TEJASNET","548.70","553.90","536.90","543.30","549.40","6.10","1.12",203266,"110,922,256.20","773.00","360.60","14.03","-6.78"
"HONAUT","39,695.00","40,118.00","39,202.65","39,507.85","39,949.95","442.10","1.12",2300,"91,398,688.00","46,250.00","30,185.35","-10.76","-0.01"
"TRITURBINE","264.00","269.60","261.20","261.10","264.00","2.90","1.11",488595,"129,140,544.45","309.35","147.25","25.85","7.99"
"TIMKEN","3,104.30","3,120.00","3,066.00","3,065.95","3,100.00","34.05","1.11",37764,"116,785,547.64","3,758.00","1,713.35","55.75","-0.80"
"MANAPPURAM","116.45","117.00","113.10","115.20","116.45","1.25","1.09",6768039,"780,287,216.31","161.75","81.50","-26.07","-3.97"
"BRIGADE","472.70","481.80","468.30","470.25","475.25","5.00","1.06",89867,"42,722,771.80","585.00","376.15","-5.47","4.30"
"MSUMI","52.15","52.70","51.05","51.90","52.45","0.55","1.06",2188733,"113,310,707.41","71.15","40.00","-","-7.67"
"VTL","293.00","296.35","287.55","292.25","295.30","3.05","1.04",126532,"37,019,467.24","2,822.00","245.50","-88.46","-6.26"
"GODREJIND","431.10","434.80","422.00","428.95","433.40","4.45","1.04",49852,"21,302,258.12","623.00","401.45","-28.06","0.34"
"ASAHIINDIA","507.00","513.00","499.55","507.80","513.00","5.20","1.02",38053,"19,296,676.30","694.00","381.00","-11.07","0.09"
"FLUOROCHEM","2,660.45","2,735.00","2,580.55","2,651.40","2,678.20","26.80","1.01",297002,"785,852,441.90","4,173.95","2,112.25","-15.24","-10.38"
"GRANULES","290.05","293.65","286.30","288.60","291.50","2.90","1.00",928424,"270,579,890.56","381.00","226.95","-8.78","-10.46"
"RBLBANK","155.50","158.25","152.20","155.45","157.00","1.55","1.00",7390871,"1,150,462,979.86","189.30","74.15","5.18","-15.49"
"CEATLTD","1,535.05","1,554.85","1,509.05","1,526.30","1,540.55","14.25","0.93",48758,"74,788,433.46","1,981.00","890.00","43.71","-7.13"
"TV18BRDCST","32.50","32.50","31.65","32.15","32.45","0.30","0.93",5420766,"173,572,927.32","82.60","31.65","-50.23","-12.80"
"SHRIRAMFIN","1,271.20","1,284.20","1,250.00","1,264.50","1,276.00","11.50","0.91",520118,"658,110,506.58","1,509.00","1,002.00","-","-3.09"
"RECLTD","118.25","119.00","115.50","117.75","118.80","1.05","0.89",6938807,"811,840,419.00","126.25","82.24","-15.54","-4.12"
"MTARTECH","1,677.00","1,731.55","1,655.15","1,677.35","1,692.00","14.65","0.87",133729,"226,326,971.47","2,320.00","1,205.00","-23.37","4.72"
"INDIANB","293.30","296.00","285.15","292.25","294.80","2.55","0.87",1865368,"544,482,265.52","310.00","131.50","75.01","0.03"
"GLAXO","1,237.10","1,248.90","1,231.00","1,235.25","1,246.00","10.75","0.87",18635,"23,099,759.65","1,734.00","1,231.00","-20.86","-4.39"
"TATACOMM","1,226.60","1,233.90","1,197.00","1,213.80","1,224.05","10.25","0.84",307741,"374,570,035.56","1,430.60","856.25","-6.50","-7.55"
"GMRINFRA","37.75","37.80","36.40","37.20","37.50","0.30","0.81",17133484,"633,938,908.00","44.50","31.75","-12.98","-7.05"
"CRISIL","3,130.00","3,137.00","3,081.65","3,102.95","3,127.00","24.05","0.78",17983,"55,914,541.90","3,863.55","2,540.00","11.75","6.08"
"ROSSARI","691.15","694.75","685.10","689.45","694.75","5.30","0.77",14996,"10,347,389.96","1,250.00","648.00","-43.14","-6.65"
"PFIZER","3,854.95","3,890.00","3,852.25","3,854.85","3,883.85","29.00","0.75",5795,"22,404,049.50","4,662.60","3,800.00","-13.39","-11.40"
"L&TFH","87.10","87.90","84.40","86.60","87.25","0.65","0.75",6755720,"583,221,307.60","98.30","58.50","15.58","-1.64"
"KEI","1,682.90","1,698.00","1,655.05","1,668.70","1,678.15","12.45","0.75",169881,"285,060,318.00","1,730.95","951.00","52.61","10.46"
"PRSMJOHNSN","106.50","106.50","99.35","102.25","103.00","0.75","0.73",566486,"57,815,561.16","143.70","96.65","-24.12","-5.74"
"NUVOCO","352.95","354.10","335.05","349.50","352.00","2.50","0.72",74072,"25,491,138.08","475.00","260.25","-22.47","-4.60"
"360ONE","1,891.30","1,911.00","1,884.90","1,886.60","1,900.00","13.40","0.71",27545,"52,352,853.35","1,960.00","1,235.80","-","-"
"LAXMIMACH","11,447.00","11,567.00","11,270.25","11,422.40","11,500.00","77.60","0.68",3497,"39,824,920.07","14,200.00","8,200.00","5.83","-3.46"
"DEEPAKFERT","666.00","668.30","626.25","654.35","658.75","4.40","0.67",512957,"330,949,597.26","1,062.00","506.65","0.83","-6.81"
"CUB","157.25","159.20","155.10","156.45","157.50","1.05","0.67",964594,"151,653,468.68","205.00","109.00","9.25","-11.33"
"ASTRAL","2,037.95","2,063.75","2,008.30","2,036.45","2,050.00","13.55","0.67",240673,"491,377,250.64","2,654.80","1,581.55","-5.81","2.18"
"CYIENT","895.00","915.90","885.25","891.05","896.80","5.75","0.65",667704,"601,447,732.08","1,007.75","720.00","-6.49","9.72"
"KANSAINER","411.00","424.85","411.00","413.80","416.40","2.60","0.63",242458,"101,061,343.56","571.00","358.15","-22.76","-1.83"
"BALAMINES","2,317.05","2,340.00","2,288.45","2,315.55","2,330.00","14.45","0.62",22885,"53,062,762.95","3,844.00","2,250.00","-33.57","-8.81"
"CCL","559.30","579.40","548.00","564.40","567.90","3.50","0.62",394103,"223,164,764.78","579.40","315.20","13.63","5.31"
"AUBANK","628.00","631.25","615.00","625.35","629.20","3.85","0.62",611768,"382,679,237.04","732.98","525.00","-53.18","-1.09"
"RAMCOCEM","683.80","688.90","669.10","681.80","685.85","4.05","0.59",221276,"150,447,765.16","909.95","575.65","-22.58","-3.78"
"CONCOR","614.00","614.50","591.25","608.10","611.70","3.60","0.59",1174302,"710,534,911.14","828.75","554.00","-4.68","-17.25"
"JSL","266.00","267.40","261.00","265.50","267.05","1.55","0.58",625824,"165,705,678.72","272.60","95.05","22.98","12.01"
"PERSISTENT","4,840.00","4,880.00","4,786.25","4,824.40","4,852.45","28.05","0.58",330668,"1,603,342,998.40","4,954.00","3,092.05","12.91","23.45"
"GARFIBRES","2,949.75","2,975.00","2,899.40","2,935.05","2,952.00","16.95","0.58",4571,"13,434,991.78","3,754.85","2,619.80","-5.23","-5.70"
"VIJAYA","421.00","424.80","415.50","421.00","423.40","2.40","0.57",48515,"20,413,171.40","528.00","295.00","-16.05","5.18"
"AMBER","1,898.90","1,907.00","1,880.00","1,889.50","1,900.00","10.50","0.56",33735,"64,022,620.35","4,025.95","1,843.00","-47.86","-1.35"
"CGPOWER","307.00","310.50","303.90","306.10","307.80","1.70","0.56",3179890,"979,406,120.00","315.40","154.00","66.62","14.16"
"REDINGTON","184.90","187.95","181.65","183.60","184.60","1.00","0.54",2349924,"433,654,974.96","202.30","109.40","12.92","-1.75"
"KPRMILL","527.90","533.95","525.15","525.15","528.00","2.85","0.54",93799,"49,770,687.39","728.80","479.45","-25.79","0.26"
"KRBL","393.20","399.20","393.20","395.50","397.50","2.00","0.51",240712,"95,341,208.96","445.00","184.50","67.68","1.90"
"CANFINHOME","578.00","581.00","564.05","571.65","574.50","2.85","0.50",1067554,"611,516,282.28","685.00","406.65","-9.96","5.99"
"JBCHEPHARM","2,040.85","2,072.25","2,019.05","2,040.05","2,050.00","9.95","0.49",40199,"82,519,301.23","2,150.00","1,342.20","17.01","3.29"
"INDIAMART","4,550.00","4,605.00","4,527.60","4,538.50","4,560.00","21.50","0.47",72353,"330,368,139.18","5,382.00","3,676.00","-10.10","4.56"
"ZENSARTECH","236.95","238.55","234.00","235.70","235.30","1.10","0.47",634449,"149,526,940.32","441.00","201.50","-43.34","11.93"
"DEVYANI","151.90","152.70","148.05","150.30","151.00","0.70","0.47",1147149,"172,542,681.09","215.00","141.00","-15.09","-12.67"
"PVR","1,680.15","1,718.55","1,680.15","1,680.15","1,687.65","7.50","0.45",372284,"631,218,690.52","2,214.85","1,485.55","5.18","0.91"
"ZYDUSLIFE","433.95","442.00","426.60","432.85","434.75","1.90","0.44",1461408,"634,104,931.20","459.00","319.00","-","0.54"
"JYOTHYLAB","208.35","213.80","204.10","208.00","208.90","0.90","0.43",319409,"66,328,472.94","217.90","130.15","49.75","2.25"
"PCBL","121.50","121.50","119.50","120.15","120.60","0.45","0.37",661606,"79,716,906.94","153.75","89.00","-46.78","-6.40"
"SUPRAJIT","322.15","328.00","321.10","320.95","322.15","1.20","0.37",92018,"29,905,850.00","417.40","272.05","-21.17","-2.36"
"IOB","27.10","27.30","25.85","26.75","26.85","0.10","0.37",27398246,"724,683,606.70","36.70","15.25","27.08","-15.21"
"KALPATPOWR","505.15","512.40","497.00","505.15","507.00","1.85","0.37",228888,"115,538,084.64","575.95","331.80","24.98","-6.63"
"HINDZINC","344.00","349.60","340.30","343.75","345.00","1.25","0.36",695416,"240,426,173.68","383.00","242.05","5.04","2.53"
"CREDITACC","899.00","925.60","880.25","896.75","900.00","3.25","0.36",30760,"27,644,934.80","1,154.00","617.00","37.21","3.34"
"SPARC","194.60","199.00","191.65","193.55","194.25","0.70","0.36",186469,"36,270,085.19","349.00","170.45","-41.32","-6.85"
"HGS","1,292.00","1,305.75","1,281.20","1,298.25","1,302.90","4.65","0.36",45321,"58,725,592.17","2,820.00","846.00","-48.91","-0.98"
"UCOBANK","28.30","28.55","26.75","28.05","28.15","0.10","0.36",18388747,"506,242,204.91","38.15","10.55","108.55","-12.89"
"CAMS","2,242.10","2,284.95","2,235.65","2,258.55","2,266.00","7.45","0.33",64068,"144,880,171.80","2,948.00","2,037.15","-19.60","1.99"
"GESHIP","641.25","650.35","631.65","638.90","641.00","2.10","0.33",115430,"74,012,561.70","748.90","304.00","102.33","-0.92"
"TTML","78.70","78.70","74.25","77.45","77.70","0.25","0.32",2299957,"175,371,721.25","210.40","73.00","-","-12.71"
"EASEMYTRIP","50.60","51.40","49.15","50.20","50.35","0.15","0.30",7183605,"361,694,511.75","620.95","44.95","-91.54","-2.13"
"CHEMPLASTS","436.20","448.00","425.10","433.80","435.00","1.20","0.28",88912,"38,596,699.20","685.00","357.20","-22.25","-6.90"
"BALKRISIND","2,278.00","2,299.90","2,235.80","2,277.85","2,284.00","6.15","0.27",125318,"285,022,006.02","2,450.00","1,690.55","0.03","5.24"
"LUPIN","742.10","747.30","733.05","742.00","744.00","2.00","0.27",383860,"283,971,950.80","918.75","583.00","-15.23","-0.46"
"NATCOPHARM","528.85","536.90","522.35","525.75","527.15","1.40","0.27",168217,"88,689,048.91","938.80","502.00","-42.18","-5.76"
"TATACHEM","968.60","999.00","961.05","967.25","969.75","2.50","0.26",1424837,"1,388,546,401.61","1,214.90","773.35","1.28","2.95"
"OFSS","3,127.65","3,169.00","3,086.20","3,112.05","3,120.00","7.95","0.26",55908,"173,842,012.44","3,834.00","2,883.25","-13.83","3.89"
"NAVINFLUOR","4,000.00","4,021.85","3,956.50","3,994.65","4,004.00","9.35","0.23",45064,"179,784,179.92","4,848.35","3,360.00","-3.06","1.70"
"KIMS","1,431.00","1,451.25","1,431.00","1,441.45","1,444.80","3.35","0.23",19535,"28,184,707.30","1,668.40","1,113.25","6.74","-5.75"
"IPCALAB","855.00","863.50","843.85","857.05","859.00","1.95","0.23",395022,"335,456,632.62","1,095.00","831.05","-17.45","-0.30"
"SHILPAMED","244.70","247.75","231.80","243.45","244.00","0.55","0.23",165243,"39,380,711.76","539.00","231.80","-53.22","-14.13"
"SOBHA","588.00","594.00","572.45","585.80","587.00","1.20","0.20",69162,"40,199,029.26","897.85","480.20","-31.97","2.73"
"JMFINANCIL","65.40","66.60","64.05","64.85","64.95","0.10","0.15",729373,"47,329,013.97","84.90","57.10","-10.66","-9.41"
"INOXLEISUR","496.70","507.20","493.70","494.25","495.00","0.75","0.15",108500,"54,193,580.00","619.35","385.00","22.87","2.42"
"PGHL","4,108.80","4,109.90","4,067.55","4,088.40","4,094.35","5.95","0.15",2928,"11,979,589.92","5,171.95","3,870.10","-19.15","1.92"
"CLEAN","1,500.00","1,539.90","1,471.00","1,481.90","1,484.00","2.10","0.14",287683,"434,841,484.99","2,361.10","1,330.00","-36.12","1.10"
"TRIVENI","274.05","275.00","266.10","272.65","273.00","0.35","0.13",302267,"81,624,180.68","374.50","211.05","-4.58","-3.94"
"HATSUN","881.00","890.95","853.55","880.90","882.00","1.10","0.12",22732,"19,947,557.32","1,188.97","805.07","-18.83","-1.38"
"PRINCEPIPE","614.00","621.70","606.25","614.25","615.00","0.75","0.12",91044,"55,987,507.80","742.70","510.00","-13.35","4.47"
"FDC","256.00","257.95","250.10","254.70","255.00","0.30","0.12",87793,"22,346,830.22","319.00","225.00","-13.05","-7.40"
"IFBIND","839.55","839.55","821.65","827.15","828.00","0.85","0.10",8211,"6,786,637.83","1,129.95","800.00","-15.84","-10.31"
"GAEL","238.90","243.45","233.45","237.50","237.70","0.20","0.08",209225,"49,780,904.25","394.15","170.65","17.41","-3.00"
"FEDERALBNK","133.90","135.00","130.30","133.30","133.40","0.10","0.08",7881035,"1,042,739,740.85","143.40","82.50","34.88","-2.41"
"VIPIND","688.00","692.00","678.70","684.55","685.00","0.45","0.07",82592,"56,632,508.48","774.60","505.65","6.03","0.52"
"ZFCVINDIA","9,497.00","9,650.00","9,429.40","9,496.85","9,502.00","5.15","0.05",2044,"19,499,596.48","10,924.05","6,876.50","-","4.84"
"CDSL","1,010.00","1,020.00","1,005.00","1,008.50","1,009.00","0.50","0.05",277860,"280,541,349.00","1,606.30","999.00","-35.84","-10.45"
"HOMEFIRST","747.40","754.60","729.35","740.15","740.35","0.20","0.03",57965,"42,839,612.90","1,004.55","620.00","-0.57","-1.87"
"MRF","93,449.00","93,449.00","91,450.00","92,817.35","92,840.20","22.85","0.02",8666,"800,450,255.50","96,000.00","63,000.00","32.64","1.73"
"CERA","5,663.70","5,769.00","5,594.05","5,634.00","5,635.00","1.00","0.02",18372,"104,352,225.12","6,076.60","3,515.00","24.56","7.38"
"CGCL","751.10","754.90","751.05","751.45","751.55","0.10","0.01",79507,"59,778,133.02","807.95","539.65","31.00","0.07"
"RAIN","168.10","169.85","164.75","168.00","168.00","-","-",741657,"123,997,633.83","241.70","128.60","-26.20","-5.13"
"INDHOTEL","318.00","320.40","313.70","318.00","318.00","-","-",3399231,"1,077,182,311.59","349.00","180.60","46.96","1.21"
"NETWORK18","59.40","60.10","58.80","59.20","59.20","-","-",867825,"51,531,448.50","117.50","57.40","-30.54","-9.73"
"ISEC","485.50","493.70","485.35","489.50","489.45","-0.05","-0.01",128289,"62,769,241.92","750.00","408.40","-33.24","-2.09"
"GODFRYPHLP","1,829.95","1,858.50","1,803.55","1,829.40","1,829.00","-0.40","-0.02",65324,"119,109,821.88","2,149.00","933.00","63.30","-6.92"
"RALLIS","206.90","207.75","203.05","206.90","206.80","-0.10","-0.05",250361,"51,321,501.39","289.35","182.50","-18.58","-16.33"
"ITI","101.40","102.00","98.40","100.75","100.70","-0.05","-0.05",187149,"18,636,297.42","129.65","81.00","-14.19","-3.80"
"BATAINDIA","1,547.40","1,548.90","1,510.00","1,531.25","1,530.00","-1.25","-0.08",155472,"237,743,118.24","2,053.30","1,478.10","-21.25","-6.46"
"TCIEXP","1,447.50","1,515.00","1,416.10","1,447.20","1,446.00","-1.20","-0.08",126500,"184,466,095.00","2,013.00","1,380.25","-22.58","-20.37"
"WHIRLPOOL","1,267.00","1,272.80","1,217.25","1,260.10","1,259.00","-1.10","-0.09",267486,"332,792,706.90","1,905.00","1,217.25","-29.94","-16.62"
"SHYAMMETL","300.00","302.95","296.00","299.35","299.00","-0.35","-0.12",75959,"22,717,817.72","385.50","273.10","-13.22","-2.87"
"HLEGLAS","603.85","604.00","590.40","595.70","595.00","-0.70","-0.12",19679,"11,688,932.42","1,340.00","589.10","-90.73","-7.62"
"BAJAJELEC","1,147.45","1,160.00","1,130.05","1,147.50","1,146.10","-1.40","-0.12",31547,"36,107,118.85","1,265.00","858.55","-5.55","0.08"
"LATENTVIEW","362.80","363.20","355.15","359.40","358.80","-0.60","-0.17",200131,"71,672,915.03","573.80","305.25","-29.29","-4.38"
"MAHABANK","29.20","29.45","27.40","28.85","28.80","-0.05","-0.17",24953916,"705,696,744.48","36.25","15.00","40.15","-7.40"
"LTTS","3,480.90","3,498.00","3,412.65","3,440.55","3,434.45","-6.10","-0.18",230315,"794,688,088.60","5,295.00","2,924.20","-24.14","-5.34"
"HEG","1,019.40","1,024.60","998.95","1,013.85","1,012.00","-1.85","-0.18",75324,"75,987,604.44","1,590.00","890.80","-34.31","-4.73"
"GRAPHITE","341.10","342.70","336.30","339.40","338.75","-0.65","-0.19",242827,"82,250,361.44","587.00","336.00","-37.25","-10.32"
"EXIDEIND","181.00","182.45","177.00","180.70","180.35","-0.35","-0.19",2239237,"401,562,371.21","194.20","130.25","5.29","-0.22"
"TCNSBRANDS","472.00","480.75","472.00","476.05","475.10","-0.95","-0.20",6670,"3,172,051.90","888.60","472.00","-36.48","-9.43"
"TCI","615.50","620.00","610.10","615.50","614.20","-1.30","-0.21",68276,"41,960,381.32","844.95","527.00","-13.30","1.86"
"GODREJAGRO","447.75","449.50","443.55","446.25","445.30","-0.95","-0.21",33680,"15,024,984.80","593.00","441.00","-14.06","-5.37"
"SUNTECK","350.20","354.50","340.00","348.45","347.65","-0.80","-0.23",135678,"46,997,502.42","545.00","315.00","-33.77","-0.29"
"AIAENG","2,798.80","2,821.90","2,755.55","2,788.80","2,782.20","-6.60","-0.24",89775,"250,710,153.75","2,911.25","1,475.05","51.24","7.93"
"ANGELONE","1,219.10","1,239.80","1,202.75","1,213.00","1,210.00","-3.00","-0.25",192530,"235,109,934.80","2,022.00","1,066.00","-12.34","-7.48"
"VAIBHAVGBL","297.00","300.40","295.00","298.15","295.90","-0.75","-0.25",94657,"28,204,946.29","522.75","287.90","-35.66","-1.17"
"VBL","1,153.90","1,174.00","1,100.00","1,153.95","1,151.00","-2.95","-0.26",2436799,"2,742,397,962.59","1,432.45","583.60","21.54","-11.76"
"DELHIVERY","306.95","307.40","294.50","306.10","305.30","-0.80","-0.26",608445,"182,928,989.25","708.00","291.00","-","-6.99"
"NCC","92.45","93.40","89.00","92.45","92.20","-0.25","-0.27",5970766,"543,459,121.32","96.90","52.20","25.02","-0.86"
"MFSL","721.00","728.45","705.20","722.00","720.00","-2.00","-0.28",379989,"271,954,327.41","935.50","625.20","-18.66","-2.18"
"HAPPSTMNDS","848.00","858.30","836.75","840.35","838.00","-2.35","-0.28",184597,"155,648,498.46","1,224.45","785.60","-27.04","-4.60"
"IDFC","89.60","90.90","86.95","88.90","88.65","-0.25","-0.28",22085317,"1,956,979,939.37","90.90","42.20","33.66","5.42"
"JBMA","517.45","522.05","497.45","513.35","511.90","-1.45","-0.28",113929,"58,239,365.51","622.00","361.00","-65.58","-6.22"
"FORTIS","277.30","282.60","274.90","278.20","277.40","-0.80","-0.29",618632,"173,006,625.12","325.00","219.75","4.72","-3.41"
"OLECTRA","472.00","474.25","463.10","470.40","469.00","-1.40","-0.30",84551,"39,682,320.83","888.80","451.60","-44.71","-7.10"
"DBL","210.50","211.45","206.25","209.25","208.60","-0.65","-0.31",220009,"45,808,073.89","376.75","187.45","-42.70","-5.52"
"QUESS","371.10","371.10","362.10","369.25","368.00","-1.25","-0.34",122237,"44,593,279.97","753.90","351.40","-49.58","-8.75"
"CHALET","362.15","366.70","357.65","363.15","361.90","-1.25","-0.34",93509,"33,890,466.87","410.00","232.00","38.97","9.26"
"SYMPHONY","960.00","970.00","950.45","961.35","958.00","-3.35","-0.35",17164,"16,454,783.52","1,215.00","820.60","-3.75","1.98"
"TATAELXSI","6,621.20","6,642.00","6,482.00","6,588.25","6,565.00","-23.25","-0.35",121697,"797,279,640.95","10,760.00","5,709.05","-11.50","4.51"
"AETHER","882.95","885.30","868.05","875.10","872.00","-3.10","-0.35",21049,"18,341,467.13","1,048.90","701.00","-","2.67"
"BHARATFORG","872.00","884.45","852.15","871.10","868.00","-3.10","-0.36",1069217,"924,744,398.96","919.45","595.00","18.74","-1.38"
"TATACOFFEE","214.00","214.00","209.40","212.90","212.10","-0.80","-0.38",858494,"181,185,158.70","251.70","181.65","-0.59","-4.00"
"RITES","333.05","333.10","325.55","331.40","330.15","-1.25","-0.38",204719,"67,510,184.63","433.00","226.20","25.35","-1.61"
"TATAINVEST","2,203.95","2,203.95","2,130.00","2,185.55","2,177.00","-8.55","-0.39",30237,"65,200,043.10","2,883.40","1,215.95","46.76","3.82"
"MGL","862.00","868.90","830.50","851.85","848.45","-3.40","-0.40",643454,"544,645,203.76","925.00","665.80","0.93","-1.96"
"CUMMINSIND","1,454.00","1,459.60","1,417.85","1,449.65","1,443.20","-6.45","-0.44",293421,"421,241,056.02","1,552.00","898.75","56.69","2.26"
"KNRCON","260.00","260.00","254.30","257.00","255.85","-1.15","-0.45",181193,"46,405,339.23","324.00","202.70","-17.72","-2.57"
"ANURAS","580.90","581.00","572.70","578.00","575.40","-2.60","-0.45",33601,"19,378,704.73","1,107.55","546.75","-43.58","-16.50"
"METROBRAND","748.65","758.95","737.40","749.40","746.00","-3.40","-0.45",56260,"42,056,037.80","980.85","505.10","28.39","-14.23"
"SUNDARMFIN","2,319.00","2,324.00","2,283.15","2,296.60","2,286.00","-10.60","-0.46",5907,"13,616,698.26","2,530.90","1,555.00","2.34","-3.54"
"GODREJPROP","1,176.00","1,209.70","1,132.00","1,156.00","1,150.60","-5.40","-0.47",883680,"1,027,984,944.00","1,792.00","1,129.00","-23.64","-5.11"
"AVANTIFEED","392.95","393.00","382.55","389.05","387.20","-1.85","-0.48",145299,"56,223,448.05","615.00","364.10","-33.79","0.70"
"TTKPRESTIG","761.60","770.85","744.00","757.60","753.95","-3.65","-0.48",44622,"33,426,340.20","1,049.90","694.00","-18.21","-5.37"
"STLTECH","177.00","177.45","170.25","176.30","175.40","-0.90","-0.51",889318,"154,367,818.44","242.80","128.60","-19.05","1.13"
"KAJARIACER","1,086.65","1,098.85","1,070.00","1,086.65","1,081.00","-5.65","-0.52",55789,"60,546,685.92","1,351.95","885.30","-16.11","-8.75"
"DIXON","2,770.95","2,833.85","2,668.05","2,765.55","2,751.00","-14.55","-0.53",413917,"1,131,098,568.39","4,690.00","2,553.00","-38.67","-28.22"
"APOLLOTYRE","335.00","343.05","319.45","331.45","329.70","-1.75","-0.53",8825502,"2,916,651,900.96","343.05","165.25","47.54","-2.38"
"TORNTPOWER","444.40","445.25","433.10","442.95","440.60","-2.35","-0.53",212893,"93,617,567.82","610.00","415.25","-23.62","-8.53"
"POLYMED","862.00","870.05","860.10","865.20","860.60","-4.60","-0.53",15916,"13,725,640.08","1,045.00","651.10","-0.03","-4.69"
"HUDCO","47.00","47.10","45.10","46.50","46.25","-0.25","-0.54",3167853,"145,816,273.59","58.85","30.60","11.85","-11.74"
"IEX","139.40","139.40","136.40","138.75","138.00","-0.75","-0.54",2476250,"340,781,525.00","251.50","129.25","-40.63","-1.57"
"FACT","283.00","290.70","265.00","278.05","276.50","-1.55","-0.56",1605989,"449,259,362.86","384.00","82.35","104.28","-26.18"
"MOIL","161.20","162.35","156.40","160.80","159.90","-0.90","-0.56",183172,"29,063,901.24","197.40","137.30","-11.09","-4.67"
"ASTERDM","209.25","215.90","203.60","208.20","207.00","-1.20","-0.58",364971,"76,078,204.95","275.60","158.10","13.00","-8.86"
"EMAMILTD","422.90","430.00","410.35","422.15","419.70","-2.45","-0.58",210237,"88,741,037.70","524.00","393.40","-16.45","-0.67"
"IDBI","50.45","50.80","48.50","50.20","49.90","-0.30","-0.60",8199365,"405,540,592.90","62.00","30.50","-0.60","-8.86"
"GUJGASLTD","474.40","475.40","456.45","472.65","469.70","-2.95","-0.62",1135188,"527,851,068.12","702.20","403.55","-31.09","-4.20"
"PAGEIND","40,229.20","40,352.00","39,700.20","40,052.55","39,800.15","-252.40","-0.63",15291,"609,636,726.09","54,349.10","37,825.00","-4.50","-5.88"
"INDIACEM","193.30","194.10","184.65","192.35","191.05","-1.30","-0.68",6150185,"1,167,735,625.95","298.95","145.45","-15.08","-12.89"
"JUBLINGREA","484.35","486.90","475.10","481.55","478.20","-3.35","-0.70",119584,"57,356,073.92","615.00","401.20","-19.85","-9.35"
"ZEEL","222.05","223.85","216.60","222.05","220.50","-1.55","-0.70",3616152,"792,154,257.12","308.70","200.50","-20.73","-7.99"
"FINPIPE","177.20","183.90","173.15","176.25","175.00","-1.25","-0.71",1401127,"251,558,341.58","195.00","121.50","-1.61","-3.67"
"TANLA","637.40","640.45","616.00","634.55","630.00","-4.55","-0.72",172228,"107,840,562.20","1,840.00","584.50","-64.13","-11.35"
"STARHEALTH","518.30","519.95","505.15","516.75","513.00","-3.75","-0.73",363159,"186,304,198.59","810.00","469.05","-33.70","-12.41"
"SOLARINDS","3,958.50","3,961.95","3,896.85","3,938.80","3,910.00","-28.80","-0.73",29093,"113,894,731.05","4,538.00","2,171.35","67.83","-11.23"
"SHARDACROP","487.00","492.90","473.00","484.55","481.00","-3.55","-0.73",105252,"50,711,466.12","769.15","368.55","-26.86","-1.14"
"POONAWALLA","292.65","293.10","281.15","291.15","289.00","-2.15","-0.74",1936695,"556,916,014.20","343.80","209.15","9.99","-0.72"
"GLENMARK","389.00","391.10","381.25","389.10","386.20","-2.90","-0.75",388034,"149,493,978.84","505.50","348.50","-21.43","-11.18"
"BAYERCROP","4,432.20","4,435.95","4,349.05","4,408.95","4,376.00","-32.95","-0.75",5681,"24,909,026.22","5,667.75","4,218.05","-9.49","-8.66"
"EDELWEISS","66.40","66.40","64.00","65.70","65.20","-0.50","-0.76",915429,"59,310,644.91","77.40","49.40","-3.90","1.24"
"ALOKINDS","12.95","13.00","12.70","12.95","12.85","-0.10","-0.77",1731132,"22,175,800.92","30.50","12.50","-","-16.83"
"LINDEINDIA","3,338.35","3,361.90","3,280.00","3,358.30","3,332.00","-26.30","-0.78",20301,"67,326,236.40","4,190.00","2,503.20","21.04","-3.07"
"BHEL","76.20","76.20","73.40","75.60","75.00","-0.60","-0.79",20381422,"1,523,918,922.94","91.55","41.40","27.57","-8.54"
"BSE","505.00","510.10","495.00","503.55","499.50","-4.05","-0.80",406127,"203,510,239.70","1,046.67","495.00","-77.47","-8.62"
"BHARATRAS","9,169.90","9,248.80","9,021.35","9,148.25","9,073.95","-74.30","-0.81",782,"7,142,326.62","14,400.00","9,021.35","-31.76","-5.84"
"GOCOLORS","1,071.35","1,076.60","1,050.00","1,068.70","1,060.00","-8.70","-0.81",29335,"31,283,724.05","1,453.00","847.30","4.28","-9.03"
"APLLTD","541.00","541.05","525.25","540.95","536.50","-4.45","-0.82",148702,"79,375,640.58","792.90","525.25","-28.41","-5.80"
"LXCHEM","275.65","278.95","268.65","274.25","271.95","-2.30","-0.84",259505,"70,414,086.70","501.05","258.65","-43.13","-7.44"
"GSPL","261.80","264.25","257.05","261.75","259.55","-2.20","-0.84",299666,"77,838,243.50","328.00","209.45","-18.48","-5.87"
"ALKEM","3,085.00","3,085.00","3,032.20","3,076.05","3,050.00","-26.05","-0.85",93856,"287,049,190.40","3,724.95","2,828.00","-13.17","0.27"
"INTELLECT","443.10","444.45","432.10","439.80","436.00","-3.80","-0.86",380067,"166,131,086.37","986.65","393.45","-41.04","1.92"
"ROUTE","1,209.00","1,222.10","1,166.10","1,201.55","1,191.00","-10.55","-0.88",216624,"256,775,258.40","1,864.70","1,052.00","-33.85","-1.57"
"PRAJIND","357.00","359.95","346.00","353.75","350.60","-3.15","-0.89",377560,"133,018,163.60","461.60","289.05","-18.25","-4.40"
"POLYPLEX","1,517.15","1,517.15","1,486.00","1,509.60","1,496.00","-13.60","-0.90",77577,"116,012,524.65","2,870.20","1,462.00","-20.94","-4.52"
"ABSLAMC","410.15","411.10","405.05","409.90","406.20","-3.70","-0.90",31834,"12,963,759.82","560.00","375.00","-23.08","-9.65"
"MMTC","33.70","33.70","32.55","33.20","32.90","-0.30","-0.90",622379,"20,445,150.15","59.10","31.00","-40.36","-11.71"
"TRIDENT","33.45","33.50","32.50","33.10","32.80","-0.30","-0.91",4029668,"132,253,703.76","63.85","30.50","-","-3.96"
"VGUARD","245.20","247.95","238.35","248.55","246.25","-2.30","-0.93",446943,"109,353,543.81","274.90","181.00","14.58","-6.23"
"JUSTDIAL","629.00","634.00","616.00","625.85","620.00","-5.85","-0.93",101468,"63,249,063.12","945.00","520.00","-30.19","4.35"
"GNFC","526.10","529.90","499.40","524.05","519.15","-4.90","-0.94",1095516,"561,331,443.24","912.00","453.50","13.86","-9.40"
"UBL","1,592.20","1,595.00","1,572.25","1,589.45","1,574.40","-15.05","-0.95",124306,"197,387,983.52","1,806.45","1,274.50","-4.56","-5.77"
"IRFC","31.90","32.10","30.85","31.55","31.25","-0.30","-0.95",28559269,"891,334,785.49","37.10","19.30","35.14","-4.89"
"3MINDIA","23,149.00","23,149.00","22,842.80","23,140.50","22,920.00","-220.50","-0.95",971,"22,309,093.98","26,943.00","17,273.00","-6.91","2.88"
"COROMANDEL","890.65","890.65","866.25","881.35","872.90","-8.45","-0.96",408248,"357,641,577.92","1,094.00","729.55","10.08","-3.22"
"PETRONET","212.10","212.40","207.00","210.95","208.90","-2.05","-0.97",1905425,"397,662,197.50","232.00","190.25","-1.74","-5.19"
"LUXIND","1,461.00","1,461.85","1,424.00","1,454.20","1,439.95","-14.25","-0.98",19519,"28,109,507.09","3,172.40","1,415.20","-52.96","-11.09"
"NH","721.60","729.55","712.45","721.60","714.50","-7.10","-0.98",92576,"66,591,768.32","820.00","588.45","10.74","-1.31"
"CHAMBLFERT","297.00","297.20","288.50","296.40","293.40","-3.00","-1.01",914946,"267,612,555.54","516.00","260.80","-25.97","-7.55"
"DELTACORP","192.25","194.35","186.50","191.90","189.95","-1.95","-1.02",2057413,"390,044,356.54","339.70","162.10","-33.49","-11.26"
"PNBHOUSING","549.90","558.00","528.25","544.40","538.80","-5.60","-1.03",470859,"254,767,679.13","600.50","311.45","22.99","-4.26"
"FINCABLES","552.90","559.50","535.05","552.90","547.15","-5.75","-1.04",140467,"76,680,935.30","593.90","343.50","10.98","0.80"
"DHANI","33.60","33.60","32.35","33.35","33.00","-0.35","-1.05",1464507,"48,123,700.02","160.90","28.50","-78.53","-16.05"
"INDIGOPNTS","1,164.95","1,165.00","1,127.00","1,150.00","1,137.90","-12.10","-1.05",30901,"35,260,822.09","2,024.55","1,127.00","-42.55","-12.75"
"MAXHEALTH","441.00","441.55","425.05","440.95","436.30","-4.65","-1.05",2666546,"1,150,134,620.72","482.80","326.15","21.39","-1.02"
"CENTRALBK","28.55","28.80","26.70","28.10","27.80","-0.30","-1.07",9365004,"255,851,909.28","41.80","16.25","29.23","-12.83"
"SANOFI","5,415.00","5,433.90","5,343.20","5,408.20","5,350.00","-58.20","-1.08",12092,"64,978,417.64","7,929.45","5,343.20","-28.21","-6.30"
"VMART","2,750.00","2,787.50","2,710.50","2,750.00","2,720.00","-30.00","-1.09",13519,"37,185,766.97","4,036.45","2,406.85","-27.21","-7.36"
"MRPL","55.00","55.20","52.85","54.80","54.20","-0.60","-1.09",1505223,"80,950,892.94","127.65","37.05","13.70","-4.00"
"IGL","426.80","428.40","418.15","424.65","420.00","-4.65","-1.10",985431,"415,438,000.98","452.00","321.00","5.61","-0.64"
"JKPAPER","408.00","409.20","397.10","405.95","401.50","-4.45","-1.10",333379,"133,978,352.52","453.20","203.50","67.17","-3.82"
"THERMAX","1,951.50","1,952.70","1,910.00","1,941.30","1,920.00","-21.30","-1.10",14584,"28,019,801.68","2,679.00","1,651.00","-4.40","-1.60"
"TIINDIA","2,697.00","2,734.15","2,591.35","2,689.85","2,660.00","-29.85","-1.11",152600,"405,287,288.00","3,046.20","1,441.95","49.72","-2.95"
"JUBLFOOD","436.95","438.40","418.75","435.60","430.70","-4.90","-1.12",3686972,"1,568,622,237.40","706.78","418.75","-86.60","-14.65"
"SONACOMS","454.00","454.00","442.50","451.10","446.00","-5.10","-1.13",724849,"324,021,999.98","706.60","398.05","-34.78","7.18"
"DEEPAKNTR","1,852.00","1,858.00","1,800.00","1,848.00","1,827.00","-21.00","-1.14",326125,"592,262,567.50","2,402.00","1,681.15","-22.89","-6.16"
"APLAPOLLO","1,193.00","1,200.00","1,162.90","1,183.65","1,170.00","-13.65","-1.15",484889,"570,748,295.23","1,200.00","770.90","29.06","4.40"
"GICRE","160.95","163.65","153.75","159.55","157.70","-1.85","-1.16",1772461,"279,357,578.21","204.00","105.00","13.22","-19.33"
"RTNINDIA","43.40","43.65","41.95","43.05","42.55","-0.50","-1.16",973810,"41,494,044.10","59.65","30.50","-25.09","0.35"
"IBULHSGFIN","120.25","121.00","115.55","119.30","117.90","-1.40","-1.17",7176868,"845,506,819.08","222.75","89.00","-45.00","-18.15"
"KEC","477.00","482.30","464.40","473.65","468.05","-5.60","-1.18",315915,"149,351,975.40","549.50","345.50","-10.80","-2.42"
"SFL","1,219.85","1,235.00","1,219.85","1,244.75","1,230.00","-14.75","-1.18",15446,"18,907,448.60","2,027.50","1,202.65","-62.88","-2.02"
"CAPLIPOINT","693.00","701.70","684.00","699.15","690.70","-8.45","-1.21",26454,"18,376,535.64","856.80","626.00","-13.92","-6.04"
"APTUS","281.05","291.40","271.00","280.40","277.00","-3.40","-1.21",141122,"39,183,934.52","394.90","220.10","-25.69","-9.28"
"BEML","1,410.00","1,420.50","1,346.50","1,392.55","1,375.55","-17.00","-1.22",93394,"127,914,290.28","1,933.95","1,107.00","-24.56","-7.44"
"SHOPERSTOP","655.60","655.60","631.95","645.90","638.00","-7.90","-1.22",39258,"25,149,067.38","820.00","302.45","75.75","-8.07"
"INDOCO","339.25","344.00","322.00","337.55","333.40","-4.15","-1.23",167832,"55,889,734.32","426.20","307.65","-12.73","-15.42"
"UNOMINDA","491.35","495.70","480.00","492.55","486.40","-6.15","-1.25",197976,"96,141,105.12","1,145.00","480.00","-","-10.66"
"IDFCFIRSTB","60.00","60.15","57.55","59.60","58.85","-0.75","-1.26",32921777,"1,932,179,092.13","64.30","28.95","22.76","-2.57"
"BALRAMCHIN","370.15","371.65","360.50","369.25","364.60","-4.65","-1.26",579653,"211,411,042.16","525.90","307.30","-16.66","-6.04"
"DCMSHRIRAM","862.00","869.70","846.55","865.70","854.70","-11.00","-1.27",10615,"9,072,215.90","1,263.85","831.00","-28.36","-2.56"
"VOLTAS","825.00","826.40","808.75","821.55","811.10","-10.45","-1.27",1002242,"815,634,562.02","1,347.65","737.20","-34.15","0.44"
"GUJALKALI","676.70","678.95","661.10","676.70","668.00","-8.70","-1.29",68672,"45,877,703.04","1,044.70","598.30","-9.93","-11.13"
"KARURVYSYA","108.50","111.15","105.55","107.35","105.95","-1.40","-1.30",4846653,"520,578,998.73","116.20","41.75","99.62","-4.81"
"RHIM","786.80","792.45","765.10","786.00","775.70","-10.30","-1.31",148823,"115,433,071.72","892.90","404.00","80.07","-11.46"
"VARROC","284.10","287.20","277.35","282.80","279.05","-3.75","-1.33",73953,"20,851,048.35","493.85","271.85","-32.35","-4.62"
"ZYDUSWELL","1,405.00","1,415.95","1,391.00","1,409.70","1,391.00","-18.70","-1.33",12188,"17,086,966.60","1,820.00","1,370.10","-16.47","-7.09"
"MEDPLUS","648.15","648.15","625.00","641.60","633.00","-8.60","-1.34",54976,"34,769,571.20","1,223.90","548.25","-45.82","5.10"
"RBA","108.90","110.00","105.00","107.95","106.50","-1.45","-1.34",879460,"93,609,722.40","143.20","86.50","-","-3.66"
"CASTROLIND","118.90","119.50","116.00","118.35","116.75","-1.60","-1.35",568172,"66,459,078.84","136.80","99.05","-4.90","-8.98"
"WELSPUNIND","69.10","70.55","67.75","70.00","69.05","-0.95","-1.36",2346979,"162,457,886.38","145.35","62.20","-46.34","-6.28"
"WESTLIFE","699.95","699.95","681.20","696.05","686.55","-9.50","-1.36",91955,"63,462,743.25","815.55","402.30","39.11","-10.58"
"KPITTECH","785.00","800.95","770.70","787.50","776.75","-10.75","-1.37",2260046,"1,769,073,606.96","813.00","440.40","24.84","14.01"
"HINDPETRO","231.90","232.45","222.10","230.25","227.05","-3.20","-1.39",4731537,"1,067,056,224.24","307.00","200.05","-19.03","-7.46"
"FINEORG","4,960.00","4,970.00","4,825.00","4,918.60","4,850.00","-68.60","-1.39",24104,"117,402,388.64","7,328.75","3,563.20","18.69","-12.91"
"ABB","2,845.00","2,849.00","2,776.00","2,831.60","2,792.00","-39.60","-1.40",194330,"546,646,403.40","3,446.30","1,944.60","20.14","-0.01"
"CAMPUS","386.00","386.00","375.00","384.40","379.00","-5.40","-1.40",191854,"72,710,747.46","639.30","297.10","-","-3.96"
"SUNDRMFAST","978.80","989.00","962.00","978.80","965.00","-13.80","-1.41",98373,"95,830,057.95","1,030.00","673.05","15.31","-3.45"
"PRIVISCL","979.40","1,000.00","961.15","994.10","980.00","-14.10","-1.42",22732,"22,240,988.80","2,199.90","961.15","-51.47","-13.41"
"BSOFT","258.55","273.50","250.25","272.00","268.10","-3.90","-1.43",10557093,"2,780,843,867.13","501.60","250.25","-42.70","-8.19"
"NHPC","41.90","42.40","40.45","41.75","41.15","-0.60","-1.44",12164558,"501,179,789.60","46.90","27.05","37.12","4.59"
"NLCINDIA","75.95","76.00","72.70","75.65","74.55","-1.10","-1.45",2116654,"157,055,726.80","95.30","56.00","9.47","-11.30"
"SUVENPHAR","486.00","488.75","481.10","488.75","481.25","-7.50","-1.53",164033,"79,601,934.24","631.75","390.50","-13.32","-1.33"
"AUROPHARMA","410.65","411.80","397.20","410.05","403.75","-6.30","-1.54",1462669,"588,914,419.47","727.95","397.20","-39.00","-8.94"
"MAPMYINDIA","1,128.95","1,129.95","1,086.70","1,121.50","1,104.00","-17.50","-1.56",43054,"47,476,506.88","1,716.45","1,022.00","-26.83","6.78"
"ENDURANCE","1,440.00","1,460.00","1,416.50","1,443.00","1,420.00","-23.00","-1.59",21540,"31,035,909.00","1,648.30","1,047.20","-10.16","1.38"
"ASTRAZEN","3,367.50","3,376.90","3,251.00","3,367.50","3,313.40","-54.10","-1.61",6051,"20,075,765.76","3,620.00","2,445.70","17.33","-1.63"
"SUZLON","9.20","9.30","8.70","9.20","9.05","-0.15","-1.63",103617993,"928,417,217.28","12.15","5.41","-21.98","-11.71"
"MAHINDCIE","401.00","407.80","388.05","400.40","393.80","-6.60","-1.65",729302,"288,395,182.88","418.20","163.95","85.76","16.24"
"ALKYLAMINE","2,686.95","2,690.10","2,631.10","2,685.30","2,640.65","-44.65","-1.66",15779,"41,895,611.85","3,587.00","2,506.20","-14.97","-2.56"
"POWERINDIA","3,087.15","3,088.80","3,020.00","3,084.30","3,032.00","-52.30","-1.70",7767,"23,698,670.40","4,042.60","2,698.55","-6.35","-5.68"
"NAM-INDIA","235.95","237.95","228.65","235.15","231.15","-4.00","-1.70",385888,"89,074,527.04","357.10","228.65","-33.40","-8.53"
"POLYCAB","3,030.00","3,030.00","2,925.00","3,001.50","2,950.00","-51.50","-1.72",378428,"1,120,566,935.08","3,088.60","2,043.85","18.10","11.35"
"JUBLPHARMA","348.00","350.00","311.60","348.10","342.00","-6.10","-1.75",414195,"138,283,142.70","537.40","281.80","-34.74","-3.02"
"GSFC","125.40","126.30","120.30","125.25","123.05","-2.20","-1.76",1681004,"206,477,721.32","198.80","114.65","-4.72","-11.27"
"NIACL","111.70","112.10","105.90","109.95","108.00","-1.95","-1.77",847234,"91,721,552.84","144.40","78.15","-20.90","-19.88"
"WOCKPHARMA","198.90","202.65","192.20","197.85","194.30","-3.55","-1.79",523079,"102,476,406.89","420.30","192.20","-50.79","-17.30"
"SJVN","33.00","33.20","32.10","32.90","32.30","-0.60","-1.82",2885139,"93,420,800.82","42.35","25.45","3.20","-6.93"
"RVNL","74.60","75.20","71.10","73.80","72.45","-1.35","-1.83",5977975,"433,761,866.00","84.10","29.00","106.28","0.35"
"RADICO","1,141.30","1,174.00","1,115.75","1,141.30","1,120.00","-21.30","-1.87",362554,"417,306,905.08","1,174.00","723.20","17.68","13.50"
"VINATIORGA","1,907.90","1,911.80","1,862.00","1,902.25","1,866.00","-36.25","-1.91",47994,"89,826,530.28","2,377.00","1,674.20","-1.79","-7.46"
"EIHOTEL","170.05","171.40","166.00","170.20","166.90","-3.30","-1.94",311250,"52,330,462.50","205.50","120.25","18.70","-5.01"
"SAPPHIRE","1,182.95","1,205.00","1,102.50","1,182.95","1,160.00","-22.95","-1.94",375518,"427,598,591.42","1,574.00","909.00","-12.70","-13.18"
"AMARAJABAT","614.05","614.85","592.40","615.55","603.45","-12.10","-1.97",597014,"359,903,919.76","668.15","438.05","-3.96","5.14"
"EIDPARRY","535.50","536.85","520.00","535.50","524.95","-10.55","-1.97",83689,"44,039,662.47","670.00","391.75","7.71","-5.20"
"BBTC","940.25","949.80","914.75","942.75","924.00","-18.75","-1.99",84555,"78,669,126.45","1,136.00","837.15","-16.31","-1.15"
"IRB","281.40","283.45","270.00","281.10","275.50","-5.60","-1.99",1837517,"505,850,054.93","329.40","178.90","-7.58","-10.55"
"JKLAKSHMI","769.50","773.70","730.70","765.35","750.00","-15.35","-2.01",268570,"200,447,219.50","896.90","366.25","35.20","-3.67"
"SKFINDIA","4,440.00","4,493.90","4,371.95","4,475.55","4,385.00","-90.55","-2.02",16834,"74,354,599.62","5,175.00","2,981.30","19.64","-4.94"
"JSWENERGY","226.20","228.20","216.70","225.50","220.90","-4.60","-2.04",671776,"148,213,938.88","369.00","182.05","-","-21.48"
"ENGINERSIN","85.90","86.15","81.75","85.00","83.25","-1.75","-2.06",2386429,"199,242,957.21","90.75","56.00","20.10","-1.36"
"NAZARA","568.65","569.95","545.00","566.25","554.50","-11.75","-2.08",273718,"150,788,509.02","1,122.50","475.05","-74.16","-6.66"
"INFIBEAM","16.60","16.65","15.60","16.45","16.10","-0.35","-2.13",17773034,"285,612,656.38","23.10","12.50","-62.63","-1.23"
"RAINBOW","730.00","732.85","707.60","731.60","715.90","-15.70","-2.15",270325,"192,952,578.50","886.45","410.00","-","-7.46"
"PRESTIGE","406.95","409.00","393.00","405.75","397.00","-8.75","-2.16",919082,"365,381,049.10","526.45","379.00","-15.75","-16.29"
"EQUITASBNK","53.95","54.95","53.05","54.90","53.70","-1.20","-2.19",2000730,"107,659,281.30","63.90","37.45","-7.26","-9.30"
"AJANTPHARM","1,180.70","1,193.45","1,165.45","1,191.50","1,165.45","-26.05","-2.19",37410,"44,005,757.10","2,264.00","1,111.60","-44.54","-1.39"
"BORORENEW","525.00","525.00","500.00","513.80","502.35","-11.45","-2.23",207383,"105,157,697.81","833.35","460.00","-27.62","-0.72"
"THYROCARE","530.50","539.70","501.00","524.70","513.00","-11.70","-2.23",65759,"34,049,352.61","1,008.00","501.00","-46.88","-14.94"
"SUDARSCHEM","376.45","385.00","366.00","376.45","368.00","-8.45","-2.24",87431,"32,660,724.36","640.00","350.10","-40.47","-2.96"
"COFORGE","4,450.00","4,487.25","4,292.20","4,433.90","4,314.95","-99.95","-2.26",448859,"1,961,024,573.69","4,873.85","3,210.05","-8.23","9.65"
"OBEROIRLTY","849.00","849.45","817.50","845.30","825.90","-19.40","-2.30",630870,"523,723,039.20","1,088.95","725.95","-12.34","-3.45"
"COCHINSHIP","489.55","490.00","469.10","485.15","473.85","-11.30","-2.33",489987,"232,974,118.89","687.00","280.75","38.96","-8.83"
"SONATSOFTW","630.95","631.90","610.55","625.85","611.20","-14.65","-2.34",184583,"113,957,852.54","656.08","457.59","-26.53","5.64"
"UFLEX","536.80","538.75","515.00","534.00","521.50","-12.50","-2.34",79815,"41,727,282.00","811.00","431.65","1.20","-6.14"
"MANYAVAR","1,233.00","1,253.00","1,210.10","1,257.55","1,227.95","-29.60","-2.35",56509,"69,414,525.42","1,501.55","790.20","-","-4.65"
"LAURUSLABS","340.90","340.90","327.55","339.00","331.00","-8.00","-2.36",1382874,"457,938,725.10","626.30","324.05","-37.35","-12.46"
"YESBANK","16.95","17.15","16.15","16.85","16.45","-0.40","-2.37",156969022,"2,585,279,792.34","24.75","12.10","20.07","-23.31"
"SUNTV","458.25","459.55","441.50","455.95","445.05","-10.90","-2.39",731839,"326,949,073.25","568.50","402.55","-11.68","-7.37"
"HFCL","69.40","69.65","66.65","69.05","67.35","-1.70","-2.46",5377060,"364,510,897.40","88.80","51.55","-17.81","-9.14"
"GRINFRA","1,175.95","1,175.95","1,117.00","1,158.55","1,130.00","-28.55","-2.46",11439,"12,993,788.88","1,940.00","1,078.85","-38.39","-3.59"
"SCHAEFFLER","2,660.00","2,671.45","2,575.05","2,657.50","2,589.90","-67.60","-2.54",46735,"121,580,635.15","9,490.20","1,598.00","-71.36","-4.40"
"JKCEMENT","2,689.90","2,694.90","2,577.30","2,678.35","2,610.00","-68.35","-2.55",180912,"477,162,636.48","3,447.50","2,003.70","-21.22","-8.84"
"MAHLOG","459.95","460.40","445.00","457.25","445.50","-11.75","-2.57",96007,"43,213,710.77","588.00","391.10","-22.34","-8.92"
"RCF","115.90","117.20","108.40","115.25","112.20","-3.05","-2.65",5386442,"602,096,486.76","144.85","66.60","46.24","-15.35"
"IBREALEST","70.25","70.55","65.50","69.90","68.05","-1.85","-2.65",6095556,"411,389,074.44","150.50","58.00","-53.65","-12.98"
"BLUEDART","6,242.00","6,250.00","6,015.00","6,218.35","6,050.55","-167.80","-2.70",20007,"121,574,136.06","9,640.00","5,425.25","-8.36","-20.99"
"RAYMOND","1,429.00","1,446.95","1,376.10","1,428.15","1,389.00","-39.15","-2.74",297551,"417,255,767.30","1,644.00","645.05","77.36","-6.24"
"SUMICHEM","461.80","462.35","445.00","459.70","447.00","-12.70","-2.76",254921,"114,716,999.21","540.80","351.50","7.12","-8.60"
"CENTURYTEX","695.20","704.05","680.00","701.00","681.45","-19.55","-2.79",72361,"49,656,289.03","949.90","651.00","-22.57","-5.07"
"IIFL","511.05","530.00","501.55","519.75","505.25","-14.50","-2.79",538938,"276,712,326.72","538.00","269.40","47.45","8.64"
"GALAXYSURF","2,426.30","2,440.00","2,333.45","2,414.20","2,345.00","-69.20","-2.87",14945,"35,531,886.95","3,447.55","2,302.35","-26.29","-3.39"
"BDL","931.95","932.20","895.10","927.60","898.60","-29.00","-3.13",328323,"297,457,354.77","1,026.95","406.50","82.18","-4.17"
"GPPL","91.65","92.45","88.20","91.35","88.40","-2.95","-3.23",1727737,"154,667,016.24","109.40","70.30","-8.59","-10.66"
"SAIL","89.45","89.70","85.40","89.00","86.10","-2.90","-3.26",21487839,"1,858,268,316.72","112.35","63.60","-18.22","-1.66"
"MAZDOCK","774.30","774.80","739.00","768.80","743.40","-25.40","-3.30",1163139,"870,772,380.96","936.40","225.40","180.07","-8.71"
"BASF","2,428.00","2,428.00","2,319.05","2,429.85","2,349.00","-80.85","-3.33",30411,"71,890,691.67","3,526.10","2,319.05","-25.74","-15.94"
"NATIONALUM","81.75","81.85","77.50","81.30","78.55","-2.75","-3.38",11496275,"905,676,544.50","132.70","66.95","-33.43","-3.98"
"UTIAMC","722.00","725.85","680.10","725.85","700.50","-25.35","-3.49",322915,"224,735,923.40","1,025.95","595.00","-17.39","-17.34"
"LEMONTREE","78.55","79.05","74.40","78.15","75.35","-2.80","-3.58",4145524,"312,862,696.28","103.40","45.30","49.45","-4.44"
"LODHA","1,014.00","1,024.05","950.00","1,014.95","976.85","-38.10","-3.75",517422,"502,856,570.70","1,392.00","814.20","-25.55","-9.49"
"PNCINFRA","352.00","352.00","335.20","349.55","336.00","-13.55","-3.88",594885,"203,290,051.05","352.00","219.00","14.43","10.76"
"OIL","225.00","226.20","214.00","225.35","216.15","-9.20","-4.08",1622719,"351,756,797.63","306.00","167.85","-3.87","2.80"
"GMMPFAUDLR","1,575.00","1,575.00","1,526.00","1,609.10","1,541.00","-68.10","-4.23",223752,"345,911,641.92","2,110.00","1,256.67","-68.41","-2.40"
"SIS","357.00","359.90","342.00","363.55","347.00","-16.55","-4.55",306432,"106,197,073.92","560.00","342.00","-34.20","-9.82"
"RENUKA","48.70","49.00","43.90","48.45","46.10","-2.35","-4.85",22433476,"1,023,863,844.64","68.75","30.35","37.16","-19.24"
"PATANJALI","959.00","959.00","911.40","959.35","911.40","-47.95","-5.00",205134,"187,369,395.60","1,495.00","700.05","-","-23.24"
"AWL","399.95","399.95","399.95","421.00","399.95","-21.05","-5.00",807229,"322,851,238.55","878.00","227.00","-","-30.32"
"HIKAL","345.05","350.15","329.10","351.75","330.00","-21.75","-6.18",418093,"140,157,316.39","456.00","212.00","-23.12","-19.14"
"WELCORP","215.00","215.10","182.90","208.65","195.00","-13.65","-6.54",3650078,"702,786,018.12","298.50","135.50","0.97","-15.13"
"LALPATHLAB","2,006.00","2,017.70","1,878.95","2,021.45","1,885.00","-136.45","-6.75",421227,"810,457,597.08","3,275.00","1,805.55","-38.92","-16.86"
"METROPOLIS","1,308.10","1,320.35","1,220.00","1,315.80","1,222.00","-93.80","-7.13",339871,"426,939,152.78","2,653.00","1,220.00","-52.68","-10.52"
"HINDCOPPER","117.10","117.50","106.05","116.60","107.90","-8.70","-7.46",8680426,"946,513,651.04","146.35","81.20","-21.93","-6.97"
"SWANENERGY","291.25","296.75","265.30","294.40","272.00","-22.40","-7.61",1074827,"298,382,723.47","379.00","150.25","65.84","-15.33"
"CROMPTON","310.50","325.60","295.15","332.35","305.50","-26.85","-8.08",9463170,"2,883,427,899.00","431.45","295.15","-26.11","-9.93"